Insu R1,Insu R2,Insu R3,SC Tap1,SC Tap2,SC Tap3,R12.8,R12.9,R12.10,R23.7,R23.8,R23.9,R23.10,R31.1,R31.3,R31.9,R31.10,R31.11,x10,Cap HL,Tan HL,Cap LH,Tan LH,BD Main,BD OLTC,Bush1 cap,Bush1 tan,Bush2 cap,Bush2 tan,Bush3 cap,Bush3 tan,Surge1 loss,Surge1 leak,Surge2 loss,Surge3 loss,CO2,C2H4,C2H2,C2H6,CH4,CO,C3H6,C3H8,H2,O2,N2
0.4817,2.184,2.2319,,,,8.7324,8.6233,8.5171,8.85,8.7379,8.6287,8.5227,9.5871,9.3277,8.6293,8.5235,8.4198,,10.3228,0.1887,31.8342,0.1692,89.0167,30.3667,,,,,,,37.4,0,38.1,39.5,4800,31,0,13,63,680,26,17,22,3465,82905
3,3,3,73.6667,80.6667,81.6667,8.7366,8.6287,8.5207,8.8443,8.7363,8.6283,8.5205,9.4918,9.276,8.6282,8.5202,8.4123,20,7.479,0.1739,7.479,0.1783,82.05,71.6833,167.82,0.2931,169.877,0.3101,169.547,0.3944,45.4,10,49.8,46.4,3594,40,3,14,47,219,18,3,46,14288,5115
2.43,1.8889,1.5439,72.3333,80.6667,81.6667,8.7311,8.6223,8.5162,8.8431,8.7311,8.622,8.516,9.5782,9.3192,8.6221,8.5161,8.4126,20,10.2621,0.1191,,0.13,81.4833,91.6,236.74,0.3247,245.957,0.3237,236.092,0.3623,66.8,0,70.5,70.2,5666,12,0,6,14,612,15,14,0,3210,60927
2.1275,1.8523,1.487,,,,8.7368,8.6275,8.521,8.8487,8.7367,8.6274,8.521,9.5861,9.327,8.6274,8.521,8.4171,,15.2854,0.2502,15.2854,0.2499,87.7667,78.7833,256.753,1.6209,256.505,1.8099,259.096,0.1963,157.6,10,101.8,92.8,1777,16,0,538,205,172,438,0,0,916,85290
2.28,2.359,2.9344,,93.3697,,8.5155,8.6218,8.7307,8.4118,8.5157,8.622,8.7305,7.8376,8.0206,8.6216,8.7313,8.8433,61.7,16.9558,0.1699,28.2287,0.2016,89.05,45.85,258.005,0.2302,254.77,0.2008,254.671,0.2037,149.8,0,109,145.7,2115,15,0,462,200,142,323,0,0,786,83921
1.8519,1.495,1.3153,,,,8.5134,8.6198,8.7288,8.4097,8.5137,8.6198,8.7288,7.8364,8.0186,8.6195,8.7286,8.8407,1.2872,15.3808,0.1835,,,78.4167,41.3167,259.201,1.34,256.455,0.2604,255.523,1.0489,82.1,0,84.3,84.9,8290,82,0,5,10,1548,34,15,0,14439,90655
2.008,2.1043,1.8664,87.442,80.2099,74.9546,8.52,8.627,8.737,8.416,8.521,8.627,8.737,7.842,7.932,8.416,8.52,8.627,15.999,8.5254,0.14,23.3375,0.15,88.2,76.95,224.48,0.21,222.63,0.22,220.89,0.23,120.4,0,120.4,121.9,871,4,0,18,14,63,15,23,0,2708,27563
3,3,3,95.6667,100.3333,59,8.7347,8.6265,8.5184,8.8426,8.7347,8.6264,8.518,9.4924,9.2761,8.6265,8.5181,8.4162,20,10,0.01,20,0.01,52.35,60.0833,200,0.01,200,0.01,200,0.01,40,0,40,40,397,5,0,16,7,55,23,29,0,17280,352
1.8603,1.6138,1.3447,,,,8.7289,8.62,8.5137,8.8409,8.7289,8.6199,8.5135,9.577,9.3179,8.6201,8.5139,8.4099,1.088,15.6665,0.316,26.3177,0.3499,75.6667,41.3333,250.805,0.1218,257.433,0.157,256.175,0.1052,44.41,0,44.81,44.83,7443,8,0,4,14,0,31,21,122,14509,5212
1.4571,1.1475,1.6667,,,,8.7293,8.6201,8.5133,8.8419,8.7293,8.62,8.5135,9.5821,9.3217,8.62,8.5135,8.4094,1.1085,8.5719,0.1059,22.9695,0.1194,77.3,71.5833,223.744,0.222,223.532,0.2034,222.969,0.2246,80.2,0,93,81.1,3867,15,0,314,155,229,38,252,28,6952,77184
2.3433,1.2587,1.4692,,,,8.7294,8.6199,8.5133,8.842,8.7295,8.6202,8.5134,9.5823,9.3217,8.6201,8.5133,8.4092,1.1602,8.5714,0.1016,22.9567,0.1099,74.9167,70.3833,224.584,0.2037,223.811,0.2267,222.575,0.2141,75.5,0,48.5,74.1,1644,5,0,24,38,149,17,26,19,2238,31041
3,3,3,,,,8.7249,8.6171,8.5088,8.8337,8.7256,8.6174,8.5092,9.4829,9.2664,8.6175,8.509,8.4042,20,10,0.01,20,0.01,80.05,47.3667,200,0.01,200,0.01,200,0.01,40,0,40,40,3430,4,0,11,30,341,30,16,13,9367,4002
3,3,3,125.6667,99.3333,72,8.516,8.6226,8.7316,8.4104,8.5141,8.6205,8.7296,7.8372,8.0194,8.6207,8.7297,8.8416,20,,,,,68.5,62.5833,,,,,,,,,,,17641,9,0,7,30,1131,19,15,0,8851,82540
1.5008,1.3426,1.1066,104.1767,98.8833,98.6187,8.5173,8.6238,8.7326,8.4136,8.5175,8.6239,8.7327,7.84,8.0221,8.6235,8.7326,8.8446,20,17.656,0.088,13.5754,0.2117,75.4,66.6,320.623,0.0575,318.461,0.067,318.409,0.9741,40,0,40,40,15600,12,0,5,24,2007,15,0,0,2126,89073
4.1406,1.7576,1.4073,,,,8.5145,8.621,8.73,8.4103,8.5144,8.6206,8.7295,7.8373,8.0195,8.6205,8.7296,8.8417,,16.9062,0.283,28.235,0.397,92.5833,84.6,256.155,0.2179,251.919,0.2175,256.353,0.2293,65.4,0,62.4,65,3025,13,0,403,167,190,43,293,0,1062,97084
1.6334,1.068,1.0241,,,,8.514,8.6204,8.7293,8.4102,8.5141,8.6203,8.7293,7.8372,8.0193,8.6202,8.7293,8.8413,15.13,17.2972,1.2959,28.9036,1.1515,88.3833,82.7167,256.194,0.3772,257.104,0.0347,257.301,0.3832,62.9,0,64.5,62.4,3003,24,0,586,188,164,53,405,0,1331,85001
2.1758,2.8981,1.7857,122.6067,96.3883,75.5017,8.7537,8.647,8.5373,8.9248,8.8077,8.6972,8.5744,9.6306,9.4008,8.7128,8.6397,8.5232,183.5,12.0371,0.1377,19.6209,0.2125,76.2667,66.65,170.814,0.3097,169.355,0.3404,170.645,0.3483,37.8,0,35.6,34.1,4105,11,0,34,38,575,20,34,42,14440,79226
2.2033,1.7068,1.3636,86.2767,96.6717,75.7477,8.7246,8.6167,8.5088,8.8328,8.7246,8.6169,8.5087,9.4806,9.2645,8.617,8.509,8.4009,29.7,11.9301,0.1584,19.8262,0.3757,56.4833,57.75,170.486,0.4402,169.748,0.3324,169.471,0.4936,95.2,0,103,124.8,4064,8,0,107,130,628,28,69,48,2569,60837
2.5941,2.6507,2.1625,122.98,96.823,75.8487,8.734,8.6187,8.5141,8.8613,8.7295,8.6202,8.512,9.5047,9.2654,8.617,8.5251,8.414,198.5,11.7936,0.1432,19.4937,0.2184,52.5333,61.6167,169.58,0.3273,169.485,0.3193,170.412,0.3598,24.9,0,25,60.7,1654,100,0,28,25,393,,,65,4781,67242
2.2479,1.4565,1.4444,122.4033,96.2407,75.3767,8.7249,8.6178,8.5092,8.8331,8.725,8.6171,8.5091,9.4805,9.2648,8.6172,8.5089,8.401,24.17,12.0387,0.1289,19.7637,0.2714,73.7667,79.3,171.708,0.4513,170.526,0.2865,172.238,0.5021,50.2,0,51.9,57.1,3463,8,0,426,249,519,30,296,32,921,74964
2.4,1.7619,1.3333,122.7,96.4887,75.544,8.7298,8.6226,8.5138,8.8329,8.7247,8.6168,8.5089,9.4804,9.2647,8.617,8.5089,8.401,24.48,11.9234,0.149,19.8007,0.3424,86,73.8667,171.892,0.3568,170.272,0.3328,170.611,0.3815,0.3568,0,0.3328,0.3815,2552,13,0,420,277,344,35,278,27,1566,93849
2.1505,1.407,1.1553,122.6933,96.371,75.371,8.7249,8.6174,8.5093,8.833,8.7249,8.6172,8.5092,9.4811,9.2646,8.617,8.5092,8.4012,25.25,12.6261,0.139,20.3039,0.2368,87,57.6167,183.716,0.2359,183.064,0.2217,180.714,0.2456,92.2,0,89.2,92.4,6964,7,0,455,223,628,314,0,47,798,62348
2.6296,1.6506,1.239,122.2233,96.0613,75.1727,8.7252,8.6171,8.5094,8.8333,8.7253,8.6172,8.5092,9.4808,9.2648,8.6172,8.5093,8.401,26.3,12.6417,0.1247,20.0796,0.216,60.7333,90.3,185.958,0.2574,185.706,0.2427,182.541,0.2285,142.7,0,148.5,136.5,3169,17,0,927,265,231,640,0,20,596,81009
2.9412,2.3889,2.3,122.83,96.588,75.6767,8.725,8.6173,8.5091,8.8328,8.7246,8.6168,8.5092,9.4803,9.2648,8.6175,8.5093,8.4013,40.8,11.8975,0.137,19.7404,0.238,60.8667,60,190.696,0.5863,174.881,0.4757,171.714,0.4018,27.6,0,28.8,28.6,8711,5,0,266,210,754,26,189,64,804,70086
3,3,3,70,78,78.6667,8.7253,8.6176,8.5092,8.8337,8.7259,8.6177,8.5326,9.4836,9.2671,8.6177,8.5093,8.4013,20,10,0.01,20,0.01,60,61.8333,200,0.01,200,0.01,200,0.01,40,0,40,40,8147,9,0,310,188,454,26,212,85,1804,54017
1.794,1.6909,1.8942,104.52,82.9573,65.4857,8.7207,8.6182,8.5087,8.8315,8.7216,8.6183,8.5092,9.4833,9.2636,8.6185,8.5087,8.3977,18.26,8.2234,0.0714,14.7271,0.0931,59.6833,85.0167,171.586,0.3801,171.288,0.3605,171.083,0.3699,25,0,27.7,26.2,2191,5,0,23,33,165,16,23,0,17712,81026
1.7276,1.4039,1.8922,104.14,82.6457,65.457,8.7267,8.6244,8.5141,8.8371,8.7267,8.6243,8.5141,9.4912,9.2704,8.6244,8.514,8.4039,22.34,8.2152,0.0763,15.0031,0.1133,55.5833,83.95,167.824,0.359,170.247,0.356,171.761,0.374,27.8,0,30.2,28.2,6795,8,0,55,77,342,21,39,14,3992,49803
2.2623,1.8473,1.0945,122.9367,96.583,75.6577,8.7251,8.6173,8.5094,8.8344,8.7267,8.6189,8.5107,9.4807,9.2647,8.617,8.5088,8.401,28.26,12.1644,0.1407,20.1546,0.2986,58.2,63.3167,170.116,0.2983,171.404,0.3491,170.231,0.3632,32.9,0,31.2,30.6,10167,9,0,329,204,475,41,247,35,13511,5871
2.1929,1.6612,1.1459,123.37,97.028,77.062,8.725,8.617,8.509,8.8378,8.7302,8.6218,8.5131,9.4837,9.2668,8.62,8.5117,8.4033,26.9,11.7689,0.1219,19.2789,0.3052,74.2,73.7667,171.684,0.2994,172.306,0.349,169.993,0.3953,30.6,0,74.4,65.4,8952,8,0,325,169,408,59,257,29,8526,5597
3,3,3,,,,8.7303,8.6225,8.5148,8.8381,8.7303,8.6225,8.5148,9.4848,9.2692,8.6225,8.5148,8.4069,20,3.1523,0.1993,3.5123,0.1968,81.6833,81.65,264.98,0.2518,265.511,0.2714,256.267,0.2352,4.3,10,58,43.36,7854,322,,407,483,178,276,255,734,4123,4651
2.1667,1.5147,1.1154,122.2667,96.0903,75.221,8.7246,8.6166,8.5088,8.833,8.7253,8.6167,8.5087,9.4808,9.2647,8.617,8.5093,8.4007,120.1,12.3506,0.1338,20.2423,0.2892,62.35,65.5333,168.598,0.4112,170.447,0.4324,173.171,0.2089,23.5,0,25.3,24.5,4828,7,0,378,216,519,26,268,31,2783,82290
2.3333,1.5577,1.1033,123.2267,96.832,75.7293,8.725,8.6171,8.5091,8.8329,8.725,8.617,8.5092,9.4809,9.2647,8.617,8.509,8.4009,52.44,12.2308,0.1117,20.1173,0.3137,80.7333,79.8333,171.946,0.3962,171.141,0.4375,173.257,0.472,23,0,60.2,23.1,5672,7,0,311,199,631,25,221,63,2258,63558
2.2708,2.2258,1.6729,100.0817,78.8223,61.8103,8.7276,8.6191,8.5107,8.8386,8.7303,8.6222,8.5119,9.4864,9.2704,8.6195,8.5111,8.4025,14.63,9.0024,0.1573,9.0024,0.1399,48.8667,48.1667,192.052,0.1598,191.774,0.1866,193.639,0.2495,40.6,10,35,46.118,3271,12,0,504,223,290,80,374,15,32,0
2,2.6102,2.902,71.6336,56.637,44.2733,8.738,8.628,8.526,8.849,8.738,8.628,8.527,9.493,9.281,8.628,8.527,8.416,17.18,9.6961,0.12,16.5711,0.16,65,65,172.37,0.38,175.36,0.39,170.79,0.39,65.1,0,62.9,63.2,2401,4,0,9,18,133,,,30,2008,22601
1.5575,1.2922,1.3704,93.4007,73.949,58.635,8.724,8.6189,8.5136,8.8287,7.7238,8.6187,8.5134,9.4591,9.2492,8.6185,8.5136,8.408,43.05,9.9766,0.1003,23.2343,0.1334,70.2333,60.6167,231.64,,204.52,0.2159,206.549,0.2113,38,0,39.9,39.4,7259,8,0,85,99,202,8,46,49,1294,4219
1.6524,1.3947,1.4184,91.994,72.8373,57.7337,8.7238,8.6183,8.5131,8.8285,8.7234,8.6189,8.5132,9.4595,9.2492,8.6185,8.5132,8.408,52.47,10.2516,0.1265,21.9348,0.1559,75.05,62.1167,207.394,0.1632,206.495,0.1601,206.785,0.16,38.6,0,40.7,36.6,9477,10,0,170,162,165,16,105,39,4438,5705
1.263,1.3152,1.2353,91.7383,72.761,57.532,8.7283,8.6189,8.5137,8.829,8.7238,8.6188,8.5134,9.4894,9.2493,8.6185,8.5135,8.4081,59.65,10.1952,0.162,21.8521,0.1983,47.7833,62.35,203.69,0.2967,189.941,0.2267,206.383,0.3809,35.45,0,35.15,33,7097,,80,,,308,,1234,529,7242,72102
3,3,3,92.6667,73.6667,58,8.7303,8.6225,8.5148,8.8381,8.7303,8.6225,8.5148,9.4848,9.2692,8.6225,8.5148,8.4069,20,6.3633,0.1274,6.3633,0.1274,84.05,81.4667,,,,,,,118.8,1,117.7,116,6732,32,0,206,217,741,68,139,0,3956,82538
3,3,3,92,73,57.6667,8.7303,8.6225,8.5148,8.8381,8.7303,8.6225,8.5148,9.4848,9.2692,8.6225,8.5148,8.4069,20,10,0.01,20,0.01,50.2167,65.3,200,0.01,200,0.01,200,0.01,40,0,40,40,8478,10,0,180,176,382,33,108,37,1588,82639
3,3,3,92,73,57.6667,8.7303,8.6225,8.5148,8.8381,8.7303,8.6225,8.5148,9.4848,9.2692,8.6225,8.5148,8.4069,20,10,0.01,20,0.01,60,60,200,0.01,200,0.01,200,0.01,40,0,40,40,9121,11,0,202,197,375,62,125,128,237,89898
1.7351,1.3925,1.8793,92.1477,73.198,57.9,8.7316,8.6263,8.521,8.837,8.7316,8.6269,8.521,9.4685,9.258,8.626,8.5208,8.4156,33.78,10.0657,0.1051,20.0528,0.1261,49.5667,86.6,204.585,0.3302,206.73,0.3376,204.771,0.338,51.3,10,58.8,55.8,8350,10,0,98,158,286,58,0,58,2803,74468
1.6369,1.6532,1.2674,91.1857,72.2677,57.2153,8.724,8.6194,8.5138,8.8296,8.7242,8.619,8.5141,9.4621,9.2517,8.6205,8.5161,8.4103,97.83,10.405,0.1419,22.2032,0.1825,61.1,70.45,227.442,0.3153,228.345,0.2262,227.751,0.3272,25.5,0,85.2,86.4,6078,15,0,125,142,332,31,82,0,9872,87865
1.101,1.0605,1.1129,91.9207,72.7943,57.7077,8.7235,8.6191,8.5135,8.8288,8.7237,8.6187,8.5135,9.4594,9.249,8.6186,8.5231,8.4082,69.64,10.4319,0.2047,23.5241,0.2649,35.55,39.3167,227.891,0.1366,228.929,0.181,228.878,0.204,68.5,0,77.7,75.7,11485,54,0,48,70,490,43,42,0,6704,80388
3.1209,1.7977,2.6588,100.7933,78.4403,60.7323,8.7247,8.6165,8.509,8.8318,8.724,8.6166,8.5083,9.4804,9.2643,8.6168,8.5087,8.401,52.51,10.3369,0.1396,18.5255,0.1872,79.6833,82.05,,,,,,,63.4,0,62.6,62.9,6470,28,0,541,257,284,50,338,37,7930,96447
1.3107,1.27,1.2462,87.6197,69.865,56.4413,8.7236,8.617,8.5101,8.8306,8.7238,8.6171,8.5105,9.4702,9.2566,8.6168,8.5104,8.4035,23.96,7.6354,0.4787,15.6869,0.781,77.3833,88.8833,264.241,0.1494,260.919,0.4071,261.032,0.4564,104,0,33.8,24.3,8600,17,0,448,253,330,37,290,0,1068,66891
2.0833,1.4643,2,97.905,76.1773,58.8,8.7256,8.6183,8.5105,8.8334,8.7257,8.6182,8.5107,9.4782,9.2632,8.6182,8.5106,8.4029,15.57,12.3351,0.1017,22.294,0.1868,80.3167,96.8,257.754,0.2411,260.192,0.2263,260.591,0.2314,43.8,0,44.2,43.3,2271,8,0,24,20,143,42,30,0,1236,3481
2.0202,1.8036,1.306,98.419,76.6133,59.1443,8.7252,8.6182,8.5104,8.8334,8.7256,8.6179,8.5105,9.4784,9.263,8.6183,8.5104,8.4028,61.73,12.0962,0.1074,22.3899,0.2862,88.8833,64.65,256.225,0.1099,259.146,0.1017,261.6,0.1093,40.8,0,40.9,40.8,2584,9,17,60,66,42,49,55,0,9170,4126
2.2857,1.8872,1.7982,98.1543,76.397,58.9613,8.726,8.6188,8.5113,8.8468,8.7446,8.6357,8.5575,9.4786,9.2631,8.6174,8.5099,8.4021,19.48,12.1882,0.1104,21.9216,0.3491,74.95,56.3167,261.333,0.1158,259.659,0.1068,261.371,0.1088,40.56,0,40.49,38.84,1535,13,16,226,82,31,48,156,14,3620,5382
1.5144,1.2948,1.4754,95.9753,75.469,58.9453,8.7344,8.626,8.5177,8.836,8.7316,8.619,8.5131,9.4861,9.2912,8.6182,8.5102,8.4034,25.45,10.3932,0.0872,24.206,0.121,68.9667,62.3667,196.748,0.2546,198.98,0.1033,196.313,0.2767,50.2,0,53.8,49.3,4677,18,0,0,10,398,16,0,0,10085,76953
2.25,1.4385,1.4157,95.4567,74.9497,58.5493,8.7316,8.6253,8.5178,8.8349,8.7263,8.6178,8.5094,9.5006,9.2833,8.6308,8.524,8.415,85.52,10.3455,0.0954,22.5369,0.1049,76.2167,76.5833,190.05,0.297,196.616,0.2894,198.881,0.2985,49.9,0,52.2,48.5,4152,8,0,8,33,194,16,15,0,6491,40551
1.3947,1.3253,1.6667,95.3773,74.8967,58.509,8.7342,8.6254,8.5167,8.8427,8.734,8.6253,8.5165,9.4951,9.2777,8.6253,8.5166,8.4079,50.48,10.5952,0.1217,21.9529,0.1315,74.4,77.35,205.338,0.2446,205.535,0.2185,160.293,0.4293,48.7,10,51.3,75.3,5192,9,0,8,25,229,16,0,0,2988,44530
1.031,1.243,1.4839,92.838,75.111,58.6773,8.7341,8.6254,8.5167,8.85,8.7413,8.6326,8.5239,9.4952,9.2777,8.6252,8.5165,8.4078,61.53,10.4767,0.1348,,,66.0333,86.6,204.342,0.2604,203.345,0.0064,204.721,0.2496,60.6,10,61.8,58.2,8539,8,0,24,53,269,23,0,21,4523,58017
1.5528,1.4912,1.3958,95.1997,74.733,58.3543,8.7197,8.6106,8.5019,8.8227,8.7184,8.6102,8.5021,9.4854,9.2686,8.6178,8.5093,8.4,65.68,10.5205,0.1094,22.378,0.153,55.7833,52.5667,202.704,0.1636,203.073,0.1279,204.785,0.1314,39.7,0,39.8,37.1,3349,5,0,3,16,243,0,0,0,19726,4959
2.4762,2.0167,1.4737,101.6367,78.8187,60.71,8.7263,8.6176,8.5094,8.8349,8.7267,8.6178,8.5095,9.4861,9.269,8.6179,8.5096,8.401,36.34,10.5733,0.2053,19.9752,0.2181,49.7,50.25,196.827,0.1678,194.465,0.1454,191.893,1.2937,119.7,0,114.7,122,8954,7,0,299,143,313,32,210,15,12540,5435
2.0822,1.5177,1.6319,101.1567,78.428,60.37,8.7261,8.618,8.5093,8.8352,8.7267,8.6178,8.5095,9.4863,9.269,8.618,8.5096,8.4008,23.09,10.6617,0.1183,20.0036,0.2324,80.1833,42.35,171.355,0.4279,169.989,0.3967,171.907,0.4236,102.9,0,104,109.8,10865,10,0,416,217,319,37,293,16,6188,5309
1.3699,1.1496,1.2556,88.7188,69.6786,55.3533,8.7155,8.6075,8.4996,8.8237,8.7156,8.6079,8.4998,9.4714,9.2553,8.6077,8.4996,8.3918,15.75,9.6129,0.2068,18.6266,0.1899,66.8167,69.475,175.998,0.3124,173.041,0.1825,174.96,0.2715,63.6,0,150.6,99.7,11285,56,0,305,177,440,59,122,241,2266,74838
1.2838,2,1.4163,91.761,72.0677,50.5043,8.7159,8.6081,8.4999,8.8241,8.7158,8.6081,8.4998,9.4716,9.2559,8.608,8.5002,8.3921,23.66,9.5509,0.1833,18.1065,0.3064,54.5,69.2333,175.549,0.215,172.84,0.1811,175.077,0.2378,79.3,0,41.6,46.7,7550,13,0,103,85,436,21,62,328,1971,57295
1.9063,1.4368,1.479,98.558,76.6727,59.269,8.733,8.6213,8.5177,8.8256,8.7178,8.6102,8.5177,9.4875,9.2721,8.6256,8.5179,8.4101,37.59,12.499,0.1646,22.3923,0.3743,56.4833,57.75,242.836,0.1741,258.734,0.1093,256.283,0.1063,49.6,0,51.5,51.2,403,3,0,17,16,119,16,21,0,1056,12387
1.8812,1.35,1.6351,97.9993,76.3343,58.9053,8.7261,8.6189,8.5111,8.8337,8.7261,8.6187,8.5109,9.4786,9.2633,8.6184,8.5107,8.4033,27.16,12.6858,0.1452,22.8733,0.275,77.3833,82.9,257.435,0.2209,261.228,0.2106,253.988,0.1897,32,0,33,34.5,1383,4,0,19,16,142,29,26,0,16564,69176
2.3096,1.6977,1.8594,98.0283,76.1083,58.8773,8.728,8.6204,8.5127,8.8359,8.7281,8.6203,8.5129,9.4814,9.2661,8.6203,8.5126,8.4048,30.7,12.4842,0.1288,21.9123,0.201,66.3833,96.1667,257.074,0.2186,258.017,0.2284,,,80.7,0,82.2,79.6,1300,7,0,195,86,23,33,142,0,2040,77598
3,3,3,,,,8.7303,8.6225,8.5148,8.8381,8.7303,8.6225,8.5148,9.4848,9.2692,8.6225,8.5148,8.4069,20,5.9297,0.1433,5.9297,0.1413,68.9833,79.6667,178.324,0.3744,177.655,0.3874,176.617,0.3563,36.9,10,36,36,1398,7,0,184,85,31,33,138,0,2238,85957
1.6886,1.5287,1.6311,98.338,76.5263,59.0447,8.7256,8.6181,8.5103,8.8331,8.7256,8.6181,8.5106,9.4788,9.2634,8.6186,8.5109,8.4033,22.34,12.4878,0.1248,22.1003,0.2255,82.8333,61.4833,260.859,0.3487,,,258.458,0.2054,73.1,0,77.3,78.2,2820,5,0,205,82,40,48,166,0,1701,4114
1.6429,1.4983,1.1505,98.3847,76.5893,59.0673,8.7268,8.6195,8.5116,8.8348,8.727,8.6199,8.5117,9.4804,9.2654,8.6193,8.5121,8.4042,19.43,12.4784,0.1027,,0.1793,81.0333,86.6,,,,,260.52,0.2001,36.4,10,34.7,34,3371,6,0,252,115,59,26,186,0,3613,64482
1.2383,1.1005,1.2205,90.821,71.4243,56.884,8.7162,8.6082,8.5002,8.8243,8.7165,8.6084,8.5006,9.4719,9.2563,8.6084,8.5001,8.3922,28.12,9.6575,0.1457,18.7655,0.621,71.1833,67.6833,176.831,0.3953,175.611,0.3849,175.525,0.3887,26.2,0,31.5,25.9,12726,11,0,98,88,329,28,60,8,6606,5573
1.2171,1.123,1.2143,90.9,71.4617,56.9197,8.716,8.6084,8.5005,8.8246,8.7166,8.6086,8.5006,9.4723,9.2559,8.6082,8.5005,8.3926,25.43,9.6387,0.2252,18.6165,0.5505,72.8167,66.1667,178.157,0.3531,178.142,0.3737,176.69,0.3872,171.2,0,52,50.2,13417,10,0,186,104,260,50,119,56,9524,5754
1.2324,1.0635,1.1654,91.8623,72.254,57.5167,8.7202,8.6122,8.5038,8.8286,8.7206,8.6123,8.5043,9.4774,9.2611,8.6119,8.5038,8.3959,30.06,9.5447,0.3683,18.7117,0.3683,75.3,57.0667,174.505,0.3814,175.762,0.3557,180.405,0.5271,35.2,0,41.5,35.8,,,,,,,,,,,
1.2148,1.1143,1.8138,90.928,71.5167,56.9367,8.7219,8.6139,8.5057,8.8279,8.7199,8.6113,8.5034,9.4774,9.2604,8.6117,8.5033,8.3956,29.63,9.6709,0.1766,20.0057,0.6049,78.2833,77.4333,178.315,0.399,175.546,0.3702,178.543,0.4536,52,0,57.1,50.4,,,,,,,,,,,
1.2926,1.1962,1.3278,90.711,71.2203,56.6133,8.7153,8.6074,8.4995,8.8232,8.7155,8.6074,8.4996,9.471,9.2548,8.6075,8.4992,8.3914,16.47,9.807,0.1826,18.7839,0.1885,78.0667,28.9333,176.739,0.1863,176.367,0.2883,175.721,0.2796,17.1,0,35,33.3,12806,9,0,179,139,423,20,105,254,2470,74326
1.4301,1.2249,0,90.223,70.8287,56.3693,8.7154,8.6073,8.4995,8.8235,8.7152,8.6074,8.4995,9.4713,9.2555,8.6079,8.4997,8.3914,32.2,10.004,0.1954,18.3374,0.6137,67.2167,46.4167,177.508,0.188,176.373,0.1737,177.368,0.1824,78.1,0,70.6,26.4,11372,5,0,179,110,336,7,112,2229,3538,4699
3,3,3,90.6667,71,56.3333,8.7361,8.6287,8.5208,8.8434,8.7359,8.6281,8.5206,9.4896,0.2744,8.6283,8.5201,8.4128,20,7.0854,0.3084,7.0856,0.3059,41.6167,42.95,259.903,0.2095,260.146,0.2281,259.788,0.2309,42.5,10,46.1,44.2,16524,8,0,84,70,234,20,54,279,2285,31785
1.1413,1,2,90.6973,71.3027,56.6307,8.7178,8.6099,8.5018,8.8256,8.7172,8.6095,8.5012,9.4744,9.2585,8.6009,8.5008,8.3929,35.16,9.6653,0.1286,,,74.6667,59.15,178.56,0.1843,179.285,0.1548,178.082,0.1847,36.6,0,43.2,37.1,14391,116,0,187,166,382,89,126,83,253,4527
1.3533,1.5714,1.1212,91.6197,72.0007,57.2403,8.7157,8.6079,8.5,8.8238,8.7158,8.6077,8.4998,9.4715,9.2554,8.6079,8.4998,8.3917,42.4,3.7635,0.2944,12.7161,0.5929,72.8333,64.4333,175.89,0.4055,175.027,0.3941,175.401,0.3965,34.5,0,134.6,35,14680,23,5,383,127,229,37,166,139,6171,5026
1.3571,1.1297,1.2978,73.2677,73.2263,73.649,8.7161,8.6084,8.5003,8.8243,8.7162,8.6083,8.5003,9.4726,9.2561,8.6081,8.5002,8.3921,20.93,9.667,0.1641,18.4462,0.3129,86.55,94.5167,174.859,0.3959,175.252,0.3959,175.286,0.3587,15.7,0,19.3,17,12018,10,0,307,114,273,15,114,150,13397,5495
1.3659,1.1283,1.2841,90.9717,71.4643,56.8457,8.7161,8.6083,8.5003,8.8242,8.716,8.6083,8.5002,9.4719,9.2561,8.6082,8.5001,8.392,19.65,9.7883,0.1825,19.2264,0.4309,77.3,89.5833,172.552,0.4062,171.695,0.3809,172.679,0.3958,43.2,0,32.2,27.8,11854,10,0,307,110,330,15,118,174,8852,5519
2.5878,1.781,2.5297,98.8813,77.0463,59.4867,8.7264,8.6186,8.511,8.8341,8.7265,8.6191,8.5114,9.4783,9.2632,8.6182,8.5106,8.4029,15.28,12.2582,0.1888,22.0327,0.24,69.3667,64.1833,236.621,0.3713,245.079,0.3659,239.146,0.3842,45.4,0,43.5,43.3,529,3,0,12,13,210,20,23,0,12693,63295
2.0493,1.586,2.6602,99.1043,77.2157,59.6297,8.7262,8.6188,8.5112,8.8338,8.7261,8.6187,8.511,9.4787,9.2634,8.6184,8.5109,8.4031,13.06,12.4189,0.1684,22.5443,0.225,88.0167,63.6167,251.086,0.2534,250.452,0.2098,260.235,0.2283,46.6,0,46.7,45.9,443,3,0,15,9,92,0,20,0,11043,55688
3,3,3,95,74.3333,58,8.7303,8.6225,8.5148,8.8381,8.7303,8.6225,8.5148,9.4848,9.2692,8.6225,8.5148,8.4069,20,10,0.01,20,0.01,64.3167,74.3167,200,0.01,200,0.01,200,0.01,40,0,40,40,9077,5,0,6,32,349,20,31,18,10838,90565
0.8204,1.6534,1.5905,97.3667,76.3167,59.9833,8.7135,8.605,8.4962,8.8221,8.7124,8.6047,8.4964,9.4744,9.2569,8.6046,8.4965,8.3874,19.42,9.9548,0.0763,9.9548,0.0885,83.8333,83.8333,193.562,0.4752,173.922,0.4134,173.02,0.395,20.9,10,21.1,24.5,7350,9,0,3,12,186,45,25,0,14826,4950
2,2.6994,4.1818,83.9148,65.3227,51.0107,8.719,8.61,8.501,8.827,8.719,8.61,8.502,9.48,9.263,8.623,8.515,8.407,14.223,13.6787,0.16,21.1271,0.19,70.6,66.95,172.07,0.38,172.98,0.39,172.26,0.37,53.9,0,53.3,55.7,8422,82,0,3,12,1078,8,11,16,15102,5087
1.3588,1.5102,1.2464,96.438,75.2017,58.6817,8.7115,8.604,8.4954,8.8211,8.7122,8.6038,8.4954,9.4724,9.2525,8.6037,8.4949,8.3865,83.71,13.4187,0.0883,21.1933,0.1287,82.45,69.0333,174.896,0.3818,173.452,0.4007,176.453,0.4145,19.9,0,18.3,17.9,10457,5,0,6,29,202,20,39,0,1784,63381
1.6069,1.5403,1.2743,97.79,76.2333,60.9933,8.7201,8.6118,8.5042,8.829,8.7211,8.6124,8.5036,9.4779,9.2616,8.6116,8.8035,8.3956,19.6,9.6473,0.1377,16.3218,0.2044,57.5833,86.6,,,248.834,0.2487,255.326,0.286,56.3,10,53.1,56.3,2955,12,0,0,2,244,0,0,0,7313,31776
1.5,1.2387,1.2695,94.2723,73.9957,58.2183,8.7219,8.6138,8.5053,8.831,8.7227,8.6138,8.5058,9.4803,9.2635,8.6139,8.5056,8.3973,36.83,9.4829,0.1179,16.3189,0.1793,68.3,74.4667,248.909,0.2395,245.144,0.2392,255.005,0.292,61.7,0,64.2,68.5,4774,17,0,4,12,777,30,0,0,24140,98633
1.4219,1.3527,1.4839,93.7653,73.564,57.8863,8.7196,8.6113,8.5031,8.8276,8.7195,8.6113,8.5032,9.477,9.2604,8.6116,8.5032,8.3951,23.63,9.5758,0.095,16.3964,0.1579,58,78.25,252.848,0.2684,239.112,0.2671,248.977,0.2678,40.7,0,42.2,42.7,5651,25,0,5,21,499,26,0,41,6871,56351
2,2.6102,2.902,71.6336,56.637,44.2733,8.738,8.628,8.526,8.849,8.738,8.628,8.527,9.493,9.281,8.628,8.527,8.416,17.18,9.6961,0.12,16.5711,0.16,63.2333,57.7083,172.37,0.38,175.36,0.39,170.79,0.39,65.1,0,62.9,63.2,6034,27,0,7,23,850,30,15,58,13058,81604
1.6,2.5294,3.4773,96.7733,75.9867,59.7633,8.725,8.616,8.508,8.833,8.724,8.616,8.508,9.483,9.266,8.616,8.508,8.399,16,9.6168,0.14,16.1495,0.14,80.7833,71.9333,252.35,0.027,260.67,0.29,250.62,0.36,88.8,0,87.2,85.3,8194,24,0,12,34,833,58,17,0,10147,5237
1.2035,1.1169,1.2818,87.7253,69.957,56.563,8.7237,8.6172,8.5106,8.8304,8.7239,8.6172,8.5107,9.4703,9.257,8.6171,8.5103,8.4034,20.37,7.6746,0.255,15.3522,0.2444,91.45,84.95,263.048,0.2137,,,,,42.7,,22.5,22,6650,307,0,511,590,280,323,268,212,9755,93214
1.2545,1.1705,1.2761,87.542,69.7917,56.366,8.7234,8.617,8.5101,8.8329,8.7262,8.6198,8.513,9.4726,9.2594,8.6196,8.5132,8.4062,18.85,7.7319,0.3571,16.248,0.3567,55.65,54.7667,263.862,0.3075,262.728,0.226,260.52,0.235,18.1,0,21,22,,10,0,362,188,300,45,256,8419,1637,4434
1.1827,1.1976,1.2857,87.514,69.8047,56.4287,8.7233,8.6166,8.51,8.8306,8.7234,8.6171,8.5104,9.4701,9.2569,8.6168,8.5102,8.4035,29.05,7.6405,0.4431,15.6612,0.5352,60.6333,84.2333,263.958,0.5413,259.668,,260.354,4.2992,234.8,,63.8,40.9,12024,8,0,267,141,111,36,196,168,1628,2242
1.126,1.0891,1.3401,87.9427,70.1317,56.631,8.7337,8.6271,8.5201,8.8377,8.7308,8.6238,8.517,9.4785,9.2649,8.6238,8.517,8.4102,28.56,3.6764,0.1771,3.6768,0.1768,46.3333,65.35,262.3,0.4696,261.871,0.417,208.388,0.0799,12.9,10,28.7,16.4,11421,374,0,515,510,194,448,283,2077,,5262
1.3008,1.1752,1.3291,87.6287,69.8563,56.3857,8.7235,8.6167,8.5103,8.8302,8.7233,8.6168,8.51,9.4892,9.2757,8.6358,8.5292,8.4225,15.13,7.6586,0.2273,14.5456,0.2156,69.15,60.3667,263.087,0.2206,267.972,0.2574,265.955,0.2382,21.2,0,17.7,15.8,644,0,0,69,6,10,16,103,0,4817,17360
1.313,1.1794,1.2904,87.399,69.6727,56.2617,8.7273,8.6206,8.5137,8.8337,8.727,8.6201,8.5133,9.4737,9.2601,8.6201,8.5135,8.4065,20.36,7.6794,0.2733,14.5242,0.2503,36.5667,62.6667,260.67,0.3189,256.979,0.2107,257.301,0.2348,27.1,0,22.6,19.1,15041,10,0,323,162,136,45,235,1054,701,3490
1.1888,11.5405,1.1145,88.023,70.18,56.6893,8.7233,8.6167,8.5101,8.8304,8.7238,8.617,8.5101,9.4703,9.2567,8.6169,8.5102,8.4033,35.59,7.5691,0.2105,15.5659,1.0793,82.8167,57.25,262.224,0.2196,263.33,0.2213,263.722,0.4826,34,0,34,36.4,11622,9,0,401,181,147,39,287,62,13059,6134
3,3,3,56.3333,64,64,8.7303,8.6225,8.5148,8.8381,8.7303,8.6225,8.5148,9.4848,9.2692,8.6225,8.5148,8.4069,20,10,0.01,20,0.01,83.5833,76.3333,200,0.01,200,0.01,200,0.01,40,0,40,40,1634,8,0,299,123,246,28,198,0,1599,46829
3,3,3,56.3333,64,64,8.7303,8.6225,8.5148,8.8381,8.7303,8.6225,8.5148,9.4848,9.2692,8.6225,8.5148,8.4069,20,10,0.01,20,0.01,85.35,89.0167,200,0.01,200,0.01,200,0.01,40,0,40,40,2838,7,0,372,175,315,28,246,74,1434,48167
1.6724,1.5229,1.9713,97.1033,76.3293,59.6477,8.7341,8.6253,8.5166,8.8421,8.7333,8.6248,8.5163,9.4858,9.2685,8.6178,8.5093,8.4005,15.13,10.112,0.1093,23.4487,0.1097,78.8167,66.25,206.274,0.3772,204.955,0.0347,205.822,0.3832,49,0,51.3,54,7499,22,0,4,20,697,16,0,0,2958,84632
1.4928,1.2707,1.0831,87.1853,69.3903,55.9963,8.6076,8.5004,8.3926,8.8303,8.7235,8.6169,8.5102,9.4702,9.2572,8.6172,8.5106,8.4037,22.05,,,,,77.45,56.9667,258.6,0.1341,257.712,0.1219,258.771,0.4858,,0,,,6741,9,0,268,225,380, , ,52,903,72525
1.2791,1.1336,1.205,88.781,70.7783,57.161,8.7265,8.6192,8.5126,8.833,8.7261,8.6192,8.5126,9.4741,9.2603,8.6196,8.5123,8.4059,26.21,7.3562,0.1829,15.1055,0.3251,80.85,62.1667,260.21,0.5337,264.456,0.2617,265.233,0.2546,133.3,0,62.2,49.8,9918,9,0,268,242,463, , ,51,1031,62858
2,2.6102,2.902,71.6336,56.637,44.2733,8.726,8.62,8.512,8.833,8.726,8.62,8.512,9.473,9.26,8.619,8.512,8.405,17.18,9.6961,0.12,16.5711,0.16,93.9,83.7833,172.37,0.38,175.36,0.39,170.79,0.39,65.1,0,62.9,63.2,3454,10,0,276,170,276,49,187,9,7246,5678
1.3161,1.1917,1.1837,89.151,71.1033,57.4,8.7248,8.6179,8.5112,8.8316,8.7249,8.6182,8.5116,9.4718,9.2584,8.618,8.5116,8.4046,36.15,7.4624,0.3925,15.3883,0.8307,83.75,64.4333,266.797,0.3027,265.312,0.2549,262.692,0.239,81.6,0,87.5,62.6,4792,11,0,282,164,271,51,190,33,6006,6276
2.3574,1.6823,1.0613,98.15,77.203,60.4707,8.7229,8.6146,8.506,8.8305,8.7227,8.6141,8.5057,9.4801,9.264,8.6148,8.5056,8.3971,56.6,13.3996,0.1239,22.0871,0.4007,86.7833,77.3167,179.996,0.4571,179.316,0.4563,180.337,0.4539,65.9,0,66.8,71.7,2974,8,0,174,96,0,61,137,8,10276,5746
2.0874,1.4808,1.6099,99.9387,78.6537,61.627,8.7225,8.6143,8.5059,8.8306,8.7222,8.6135,8.5051,9.4805,9.2636,8.6141,8.5057,8.397,21.39,13.0639,0.1027,22.0973,0.3402,86.85,86.3333,173.659,0.3999,172.241,0.4055,173.288,0.4005,41.6,0,41.7,44.3,2618,7,0,281,110,120,17,199,13,6187,5132
1.4889,1.4119,1.7808,96.8027,76.2236,59.707,8.7199,8.6118,8.5036,8.828,8.7198,8.6118,8.5034,9.4768,9.2604,8.6116,8.5036,8.3953,38.48,12.7205,0.1841,21.3266,0.1511,72.5833,73.0667,312.822,0.2136,,,306.995,0.2324,75.4,0,75.1,72.7,7553,9,0,324,174,336,62,230,26,18167,0
2.3571,1.5077,1.7059,96.9143,76.2677,59.9213,8.7229,8.6143,8.506,8.8307,8.7224,8.6136,8.5062,9.4805,9.2638,8.6141,8.5058,8.3975,25.17,12.358,0.1228,20.789,0.1264,70.0667,88.15,,,311.482,0.1938,312.088,0.2011,74.5,0,79.1,72.8,2797,6,0,3,10,621,0,37,0,8637,3226
1.6623,1.2818,1.52,97.4613,76.8307,60.2503,,,,,,,,,,,,,68.51,12.2717,0.1208,21.2846,0.1545,85.5167,81.8833,310.941,0.39,306.617,0.3618,308.035,0.3738,86.9,0,87.4,86.7,2698,6,0,298,137,260,27,206,30,13444,95861
1.794,1.4086,1.5596,97.1513,76.5897,60.112,8.7204,8.612,8.504,8.8656,8.7717,8.6506,8.5489,9.4777,9.2611,8.6125,8.5043,8.3956,68.51,12.3055,0.1229,21.7673,0.1482,86.75,90.3667,312.572,0.4326,313.236,0.408,312.105,0.4026,92.6,0,97.8,86.6,2824,6,0,234,112,243,26,166,26,5921,67753
1.3836,1.3945,1.0682,92.5387,73.587,58.1217,8.7168,8.6117,8.5066,8.822,8.7168,8.6117,8.5068,9.4522,9.2421,8.6115,8.5064,8.4011,21.84,10.2714,0.1101,16.9531,0.1343,80.85,77.5,175.949,0.4445,173.751,0.3091,173.276,0.4493,74.5,0,70.6,72.1,5501,5,0,5,23,1035,17,27,0,1905,48134
1.4391,1.4606,1.0909,93.1033,73.9923,58.4033,8.717,8.612,8.5067,8.8314,8.7295,8.6142,8.516,9.4528,9.2425,8.6117,8.5067,8.4012,14.62,10.3131,0.1233,17.2446,0.1292,87.95,76.6667,172.215,0.3828,173.725,0.3732,170.506,0.3871,34.2,0,34.5,34.6,7608,7,0,7,29,614,19,27,20,6366,76752
1.5559,1.479,1.3256,92.621,73.586,58.124,8.7166,8.6115,8.5063,8.8218,8.7165,8.6115,8.5063,9.4525,9.2425,8.6115,8.5067,8.4013,22.68,10.2695,0.1088,17.0759,0.1196,88.75,66.95,174.349,0.6409,175.227,0.391,173.221,0.3954,75.5,0,73,75.5,5669,5,0,5,24,727,2,3,0,4907,61393
2.0455,1.3043,1.4389,93.1297,74.0333,58.4427,8.7167,8.6119,8.5066,8.8219,8.7167,8.6117,8.5064,9.4531,9.2427,8.6123,8.5071,8.4017,16.47,10.2156,0.0827,16.8133,0.131,85.5167,76.8167,171.908,0.3827,172.992,0.3665,175.662,0.3939,27.2,0,27.3,26.6,3520,4,0,4,17,1204,16,21,0,2613,47124
1.1743,1.1481,1.1312,95.9153,75.876,59.7317,8.7237,8.6184,8.5131,8.8293,8.724,8.6186,8.5134,9.4612,9.2506,8.6188,8.5136,8.4083,19.28,6.643,0.0922,6.643,0.0921,67.4667,99.8333,171.986,0.3411,171.31,0.3329,172.091,0.3792,34,10,38.9,35.6,8763,11,0,8,33,599,4,7,0,3768,81988
1.4215,1.2036,2.1,93.4953,74.3143,58.6977,8.7168,8.6117,8.5067,8.8272,8.7167,8.6117,8.5065,9.4525,9.24,8.6116,8.5066,8.401,36.68,10.1387,0.1278,17.1144,0.2331,79.9,83.3667,173.294,0.2005,176.888,0.0419,175.894,0.0562,51.81,0,51.5,52.66,5072,3,0,3,15,572,0,59,10,13407,5190
3,3,3,93.0383,73.96,58.4263,8.717,8.6118,8.5067,8.8226,8.7172,8.6122,8.507,9.4525,9.2424,8.612,8.5067,8.4013,25.15,10.2266,0.1072,17.4651,0.2936,57.55,86.0167,171.549,0.432,122.345,0.443,173.943,0.4429,71.7,0,76.2,73,3049,3,0,3,14,1162,0,19,0,3491,35180
1.4702,1.7349,1.2143,93.1407,74.0317,58.47,8.7169,8.6118,8.5067,8.822,8.7167,8.6119,8.5068,9.4525,9.2422,8.6118,8.5067,8.4014,22.56,10.1983,0.1029,16.9084,0.1269,79.35,74.8167,178.697,0.3408,173.232,0.4071,171.892,0.4197,41.5,0,38.3,40.6,5555,10,0,5,42,1949,15,20,0,12173,91990
2,2.6102,2.902,71.6336,56.637,44.2733,8.7353,8.6265,8.5184,8.8444,8.7357,8.6264,8.5183,9.4972,9.2794,8.6271,8.5184,8.4095,17.18,6.0353,0.1418,6.0354,0.1413,93.45,61.0167,175.104,0.4081,174.531,0.479,175.117,,18,10,16.5,16.9,6703,8,0,351,223,518,30,240,36,1709,53616
3.0218,1.4715,1.1865,96.0383,75.5743,59.1597,8.72,8.6116,8.5034,8.828,8.7197,8.6118,8.5039,9.4769,9.2609,8.612,8.5039,8.3952,80.24,13.3621,0.1452,21.5195,0.1463,81.9167,75.1,313.372,0.3614,312.564,0.3954,311.845,0.361,159,0,175.3,160.6,6802,6,0,279,154,278,50,214,20,1237,3639
2.0732,1.3247,1.4839,95.9887,75.5177,59.128,8.7091,8.606,8.4996,8.8284,8.7201,8.6118,8.5037,9.4772,9.2608,8.6119,8.5038,8.3955,118.9,13.3535,0.1235,21.9503,0.1369,88.05,64.2,309.267,0.4561,311.949,0.3711,314.585,0.4127,81,0,76.6,81.5,8603,5,0,334,152,359,48,255,16,2623,3137
2.2381,1.871,1.8571,96.543,75.986,59.5277,8.7198,8.6119,8.5036,8.8282,8.7201,8.6118,8.5035,9.4774,9.2606,8.6121,8.5035,8.3951,80.12,12.405,0.1419,21.4408,0.2105,90.25,95.9833,313.514,0.3561,315.807,0.3624,314.002,0.3694,157.1,0,152.3,151.2,7344,63,0,298,211,384,82,238,19,1603,5303
3,3,3,96.3333,75.6667,59,8.7303,8.6225,8.5148,8.8381,8.7303,8.6225,8.5148,9.4848,9.2692,8.6225,8.5148,8.4069,20,10,0.01,20,0.01,61.1,70.0667,200,0.01,200,0.01,200,0.01,40,0,40,40,1958,13,0,500,145,189,385,0,0,1523,77172
3,3,3,95.6667,75.3333,59,8.7303,8.6225,8.5148,8.8381,8.7303,8.6225,8.5148,9.4848,9.2692,8.6225,8.5148,8.4069,20,10,0.01,20,0.01,61.2667,56.2667,200,0.01,200,0.01,200,0.01,40,0,40,40,2450,23,0,942,202,335,966,0,0,1664,96518
3,3,3,95.6667,75.3333,59,8.738,8.6304,8.5213,8.8465,8.7385,8.6306,8.5227,9.4941,9.2781,8.6301,8.8221,8.4145,20,10,0.01,20,0.01,89.2833,57.9167,200,0.01,200,0.01,200,0.01,40,0,40,40,3592,16,0,737,199,411,763,0,21,3601,90228
1.2809,1.17,1.4688,89.2457,71.0657,57.3087,8.7246,8.6179,8.5112,8.8313,8.7245,8.618,8.5112,9.4715,9.258,8.6184,8.5113,8.4046,25.54,,,,,90.0333,78.55,,,,,,,,,,,7990,11,0,204,259,723,128,0,30,1867,99186
1.2901,1.0663,1.2376,88.5887,70.6023,56.9497,8.728,8.6207,8.5141,8.8351,8.7278,8.6212,8.5143,9.4755,9.2623,8.6212,8.5143,8.4075,29.27,7.3208,0.0691,7.3208,0.0689,99.1833,95.6167,,,,,,,,10,,,6227,10,0,334,222,295,235,0,34,2171,66618
3,3,3,87.6667,70,56.6667,8.736,8.6278,8.5206,8.8434,8.7358,8.6281,8.5201,9.4895,9.2743,8.6278,8.5203,8.4121,20,5.9223,0.1184,5.9224,0.1177,79.2167,84.4333,,,,,,,79.5,10,81.1,78.8,5190,127,0,449,467,576,187,273,47,156,91735
1.3558,1.5747,1.3125,88.3697,70.3467,56.7327,8.7238,8.6173,8.5106,8.831,8.7242,8.6177,8.5111,9.4705,9.2523,8.6172,8.5107,8.4038,26.68,,,,,51.6833,57.1167,,,,,,,,,,,10773,133,0,265,270,978,176,18,318,710,75448
1.5,1.3235,1.7711,97.524,76.618,59.8183,8.7401,8.6377,8.5241,8.8881,8.7386,8.6429,8.5365,9.5147,9.2975,8.647,8.5335,8.4234,41.92,3.7629,0.1798,3.7628,0.1792,57.05,50.5,,,,,,,36.1,10,30,59,5084,8,0,333,103,138,47,310,13,4682,3888
1.587,1.5217,1.2548,97.1767,76.287,59.6923,8.729,8.621,8.5134,8.8373,8.7289,8.6212,8.5135,9.4831,9.2675,8.6211,8.5132,8.4054,59.01,,,,,73.7,73.8167,,,,,,,,,,,3998,34,0,369,133,153,72,306,9,7677,5064
1.3805,1.3045,2.3333,96.5723,75.8203,59.2983,8.7291,8.6212,8.5135,8.837,8.7289,8.6216,8.5137,9.4829,9.2672,8.6207,8.5131,8.4051,21.8,,,,,86.25,60.0833,,,,,,,,,,,2324,9,0,397,137,180,26,324,0,1970,75133
1.587,1.2977,1.6438,96.8283,76.0257,59.4003,8.7286,8.6207,8.513,8.8367,8.7287,8.621,8.5132,9.4831,9.2672,8.621,8.5132,8.4054,108.8,6.969,0.0877,6.9689,0.0779,98.2,88.3,175.536,0.4093,179.513,0.4195,177.664,0.4209,30.9,10,33.4,31.6,4634,31,0,890,292,560,85,985,52,132,102
1.4764,1.1495,1.3434,97.0137,76.1173,59.3907,8.7282,8.6204,8.5127,8.8362,8.728,8.6206,8.5129,9.4418,9.2669,8.6206,8.5128,8.4049,27.68,10.7435,0.0626,19.9182,0.0768,60,60,174.192,0.3748,172.895,0.3397,173.693,0.3925,34,0,38.6,32.6,4893,18,0,623,174,184,31,481,8,5987,4772
1.5504,1.2757,1.5115,92.3518,72.4746,56.6903,8.7289,8.6209,8.5134,8.8371,8.7287,8.6211,8.5135,9.483,9.2671,8.6211,8.5132,8.4053,55.31,7.0894,0.0853,7.0896,0.0688,94.7667,64.3167,178.281,0.213,177.541,0.2086,177.573,0.2114,30.4,10,32.1,30.1,4447,27,0,265,122,211,56,201,32,3107,5211
1.5638,1.3452,1.8784,94.7713,74.625,58.5093,8.7323,8.6243,8.5165,8.8394,8.7318,8.6234,8.5154,9.487,9.2718,8.6239,8.5163,8.4083,21.31,10.8671,0.0803,19.822,0.0781,71.8333,64.05,176.805,0.3968,171.52,0.2945,172.97,0.3313,37.6,0,38.1,37.9,4198,6,0,104,63,118,42,89,21,3718,2999
1.4048,1.2623,1.3429,93.855,73.8393,57.8717,8.7315,8.6234,8.515,8.8392,8.7313,8.6236,8.5154,9.487,9.2713,8.6242,8.5159,8.4077,96.46,10.9949,0.0808,20.6241,0.0921,68.7833,66.45,176.374,0.3911,177.565,0.3983,176.58,0.3877,37,0,40.7,37.6,8686,25,0,100,65,125,22,79,33,6633,3750
1.7822,1.2964,2.4091,94.09,74.0253,57.9787,8.737,8.6289,8.5221,8.8442,8.7362,8.6283,8.5204,9.4917,9.276,8.6281,8.5202,8.4123,28.62,6.2643,0.1431,,,64.1667,79.1167,177.597,0.401,176.628,0.396,176.132,0.3442,48.2,10,48.2,47.5,7830,6,0,13,44,144,39,23,23,17315,5085
1.4,1.2344,1.3529,93.4937,73.516,57.5833,8.7316,8.6238,8.5156,8.8388,8.7313,8.6237,8.5162,9.4876,9.2715,8.6237,8.5162,8.4082,105,11.0138,0.0954,19.7308,0.0907,80.2667,59.45,171.603,0.3602,172.162,0.3075,176.379,0.3981,82.7,0,77.9,80.6,7696,6,0,76,83,162,13,53,35,9901,4774
1.4042,1.0978,1.3816,93.3863,73.4077,57.4717,8.7287,8.6209,8.5132,8.837,8.7292,8.6213,8.5136,9.4826,9.267,8.6204,8.5131,8.405,37.09,11.147,0.0986,18.694,0.1413,77.8833,81.7,172.577,0.3498,171.783,0.3964,171.53,0.3864,33.4,0,33.7,33.4,3527,3,0,44,27,65,0,83,0,2681,1813
2,2.6102,2.902,71.6336,56.637,44.2733,8.738,8.628,8.526,8.849,8.738,8.628,8.527,9.493,9.281,8.628,8.527,8.416,17.18,10.8977,0.0912,19.578,0.0895,46.1167,51.6333,171.541,0.1902,175.043,0.1899,176.281,0.1991,41.41,0,42.106,43.306,3915,5,0,122,75,145,17,92,0,2950,40073
2.4074,1.2903,1.5948,93.291,73.3313,57.435,8.7287,8.6208,8.5132,8.8362,8.7283,8.6206,8.5128,9.4829,9.2612,8.621,8.5131,8.4054,144.3,10.8708,0.0863,20.0927,0.08,67.75,69.9167,171.48,0.4062,173.417,0.383,171.451,0.3841,66.5,0,69.2,70.1,4265,8,0,177,123,320,20,113,0,670,46766
0.4709,0.233,0.4444,93.3243,73.3823,57.4483,8.7287,8.6207,8.5134,8.8363,8.7286,8.6206,8.513,9.4831,9.2674,8.621,8.5133,8.4054,21.13,10.9209,0.0883,20.2021,0.0932,50,60.55,173.857,0.4032,175.694,0.3749,177.212,0.4045,65.8,0,68.1,70.9,4552,8,0,49,94,158,18,34,18,14967,93842
2.278,1.7045,1.8249,94.4123,74.2917,55.5447,8.7286,8.621,8.513,8.8362,8.724,8.6209,8.5129,9.4832,9.267,8.6213,8.5131,8.4057,15.48,10.8175,0.0691,20.2853,0.0661,82.3333,70,173.259,0.3958,171.104,0.3514,170.962,0.1686,31.1,0,31,30.6,3737,6,0,60,61,247,18,50,0,7178,57699
1.7414,1.25,1.3959,93.403,73.4763,57.578,8.7286,8.6208,8.5132,8.8371,8.7293,8.6214,8.5139,9.4816,9.2672,8.6204,8.5127,8.405,24.05,10.5796,0.0717,19.3031,0.0736,76.0333,76.45,171.102,0.3668,172.079,0.284,173.767,0.3759,39.4,0,40.1,39.6,5844,8,0,61,106,279,41,0,24,3601,55752
1.458,1.171,1.2712,92.934,73.0673,57.252,8.7281,8.6204,8.5129,8.8361,8.7281,8.6204,8.5128,9.4827,9.2673,8.621,8.5132,8.4052,24.02,6.9586,0.0565,6.9586,0.0649,66.1667,69.1,170.086,0.3718,174.166,0.3966,169.549,0.3953,40.7,10,38.1,38.6,7091,7,0,41,90,265,30,0,0,3771,42989
1.4746,1.1824,1.3008,93.823,73.7827,57.7877,8.7288,8.6209,8.5135,8.8364,8.7285,8.621,8.5132,9.4826,9.267,8.6206,8.513,8.4051,25.38,10.6038,0.0834,19.7422,0.1002,68.75,86.5833,170.977,0.3748,170.837,0.3777,169.687,0.3949,42.3,0,45.3,43.6,,,,,,,,,,,
1.4454,1.1829,1.3464,94.3663,74.223,58.17,8.7284,8.6206,8.5127,8.8365,8.7287,8.621,8.5133,9.4823,9.2669,8.6206,8.5127,8.4049,44.53,12.3133,0.1049,22.7143,0.1295,27.6667,55.3833,259.941,0.1198,260.067,0.1206,259.385,0.1216,44.36,0,43.01,42.2,4250,4,0,92,55,100,6,72,0,5967,2540
1.6038,1.9242,1.6477,94.811,74.5963,58.468,8.7283,8.6205,8.5129,8.8366,8.7285,8.6212,8.5132,9.4839,9.2681,8.6218,8.514,8.4062,110.6,12.2119,0.1012,22.2893,0.1386,89.5333,86.6,257.378,0.1239,250.904,0.1721,251.559,0.1179,44.55,0,44.71,44.28,2895,6,0,82,56,155,17,62,0,2666,43026
1.7091,1.6693,1.7493,96.113,74.2983,58.216,8.7381,8.6296,8.5216,8.844,8.7372,8.6298,8.5205,9.492,9.2763,8.6276,8.5189,8.4121,145.7,10,0.01,20,0.01,89.5333,78.6167,200,0.01,200,0.01,200,0.01,40,0,40,40,4036,7,0,143,86,296,23,103,0,9486,84431
2.7218,8.2935,6.1636,101.8267,79.9163,64.0023,8.7339,8.6263,8.5189,8.842,8.7342,8.6268,8.5193,9.487,9.2717,8.6299,8.5226,8.415,19.87,8.3346,0.0874,8.3346,0.0874,76.9333,71.5333,230.159,0.2121,231.225,0.2145,229.996,0.2257,71.9,10,67.6,66.6,1666,7,0,273,110,150,26,193,0,1875,51122
2.732,2.1607,2.1429,101.71,79.804,62.3317,8.733,8.6266,8.519,8.8415,8.7338,8.6267,8.5188,9.4867,9.2715,8.6269,8.5189,8.4112,17.72,8.0773,0.0936,8.0774,0.0776,68.3833,69.85,235.419,0.2257,236.246,0.2261,233.156,0.2262,68.7,10,63.5,68,1533,8,0,295,114,190,27,204,0,9717,10123
3,3,3,102.3333,80.3333,62.6667,8.7303,8.6225,8.5148,8.8381,8.7303,8.6225,8.5148,9.4848,9.2692,8.6225,8.5148,8.4069,20,10,0.01,20,0.01,78.5667,78.2833,200,0.01,200,0.01,200,0.01,40,0,40,40,2075,6,0,257,125,165,24,177,24,2906,51426
0.7676,,2.6642,101.6467,79.741,62.2617,8.7408,8.6331,8.5253,8.8487,8.7409,8.6331,8.5254,9.4949,9.2794,8.633,8.5253,8.4176,20.4,12.4586,0.103,21.9441,0.1197,82.5,55.4833,254.431,0.3041,257.623,0.2073,250.053,0.2073,61.5,0,61.3,61.8,3759,6,0,332,159,320,2,19,0,2095,68883
2.4894,1.7083,1.7666,102.0033,80.0633,62.5373,8.7406,8.6329,8.5252,8.8491,8.7413,8.6335,8.5255,9.4947,9.2794,8.633,8.5252,8.4176,35.67,8.1308,0.0871,8.1308,0.0868,91.85,61.2667,256.263,0.2221,254.118,0.2267,251.251,0.227,63.4,10,64.7,63.2,2142,5,0,261,134,125,23,179,0,1273,45399
3,3,3,101.6667,79.6667,62.3333,8.7303,8.6225,8.5148,8.8381,8.7303,8.6225,8.5148,9.4848,9.2692,8.6225,8.5148,8.4069,20,12.3821,0.1079,22.0549,0.192,89.1667,63.3,252.581,0.222,257.6,0.2277,257.288,0.2318,65.5,0,65.4,62.6,2026,6,0,262,117,274,25,184,0,2128,46828
1.5132,1.387,1.741,101.0733,79.2927,61.997,8.7332,8.6259,8.5184,8.841,8.7334,8.6257,8.5185,9.486,9.2709,8.626,8.5182,8.4105,29.64,12.6246,0.1021,22.2565,0.129,79.5833,54.6,256.511,0.1176,258.64,0.1142,251.415,0.1139,65.7,0,65.5,64.7,3607,5,0,281,128,331,2,19,21,2140,59729
1.497,4.668,2.1629,100.4883,78.7783,61.516,8.7407,8.633,8.5253,8.8487,8.7409,8.6332,8.5254,9.495,9.2795,8.6331,8.5254,8.4177,21.25,12.5646,0.1013,22.0311,0.111,86.2667,56.55,254.227,0.2286,254.915,0.1999,251.483,0.2288,122.1,0,124.3,119.7,2399,5,0,225,84,186,39,176,11,5145,5058
2.871,1.8727,1.913,101.8033,79.8683,62.3557,8.7334,8.6262,8.5184,8.8412,8.7334,8.626,8.5185,9.4861,9.2711,8.626,8.5183,8.4109,58.18,12.6029,0.1212,22.5513,0.1323,54.7333,81.55,287.788,0.3075,287.821,0.6777,286.914,0.4372,73.1,0,73.2,69.3,2095,7,0,109,101,214,52,80,0,3300,5208
2.4889,1.8014,1.89,101.41,79.5347,62.1553,8.7332,8.6255,8.5181,8.841,8.7336,8.6259,8.5183,9.4862,9.2709,8.6259,8.5183,8.4108,26.89,12.3724,0.0961,22.2091,0.1421,80.6167,69.5667,250.736,0.2164,251.422,0.2061,252.434,0.2239,62.1,10,64.9,63,7680,5,0,190,109,220,47,143,13,3013,3268
3,3,3,101.8533,79.8557,62.3663,8.7334,8.6258,8.5183,8.8415,8.7336,8.6261,8.5185,9.4862,9.2684,8.6259,8.5184,8.4108,26.57,12.4565,0.1174,22.153,0.1224,79.6833,85.55,251.645,0.228,251.601,0.2309,252.41,0.2533,70.7,0,78.7,72.2,4192,4,0,256,132,260,27,184,0,13683,82934
1.8039,1.6071,2.8627,102.14,80.1197,62.472,8.7364,8.629,8.5213,8.8444,8.7368,8.6294,8.5212,9.4904,9.2753,8.6291,8.5215,8.414,18.89,12.5123,0.1069,22.0082,0.1122,87.7333,41.5167,251.206,0.228,251.554,0.2265,253.51,0.3824,66.8,0,68.9,62.9,6259,5,0,245,120,199,171,0,0,3318,48382
,2,,102.11,80.11,62.5177,8.739,8.6279,8.5195,8.8438,8.736,8.6284,8.5207,9.4896,9.2743,8.628,8.519,8.4129,22.81,9.0911,0.1358,17.9648,0.0832,95.9167,86.6,176.57,0.4282,180.228,0.5952,176.769,0.446,35.2,0,37.8,37.5,1203,8,0,306,129,194,205,0,0,14191,10149
2.9551,1.8864,1.1186,101.7467,79.707,62.2313,8.7338,8.6261,8.5186,8.8412,8.7336,8.626,8.5185,9.4866,9.2712,8.6263,8.5186,8.4107,34.35,12.2743,0.1054,22.3007,0.1283,92.8,80.9333,252.638,0.2383,256.316,0.2657,255.796,0.2426,88.7,0,86.2,86.3,1716,8,0,226,123,210,31,155,0,1569,59243
2.0254,1.804,1.4831,102.3067,80.2197,62.5607,8.7336,8.6261,8.5185,8.8411,8.7337,8.6262,8.5184,9.4865,9.2713,8.6261,8.5186,8.4108,33.29,12.3165,0.1087,22.1133,0.138,71.1833,98.3167,254.987,0.2371,255.363,0.2402,247.861,0.2262,118.6,0,121.7,115.8,3726,7,0,234,132,312,25,163,0,1424,60105
2.25,1.6284,1.5052,133.5167,105.8133,83.885,8.7218,8.6153,8.5091,8.8278,8.7215,8.6152,8.5088,9.4754,9.2579,8.6152,8.5092,8.3982,47.81,12.1613,0.0973,22.1154,0.14,77.4333,65.6667,249.212,0.2396,248.796,0.225,248.836,0.2406,61.3,0,60.2,57.4,11402,7,0,346,251,524,28,229,0,13335,92477
1.9517,1.4679,1.6508,95.1158,74.6022,58.346,8.7338,8.6261,8.5187,8.8414,8.7335,8.626,8.5187,9.4865,9.2712,8.6262,8.5185,8.4109,25.53,12.2204,0.0943,21.9978,0.1522,93.4,72.5,254.637,0.2528,256.532,0.2344,249.218,0.3261,62.2,0,62.4,58.7,1880,8,0,227,143,351,24,150,0,825,52871
1.3723,8.375,2.4176,101.3,79.4473,62.0607,8.7337,8.6268,8.5189,8.8412,8.7342,8.6267,8.5191,9.4872,9.2714,8.6259,8.519,8.4107,28.35,12.517,0.1009,22.5112,0.2684,93.85,82.1833,260.277,0.2839,256.046,0.238,254.869,0.2348,65.1,0,66,62,8101,5,0,129,133,351,51,95,24,11889,6417
1.8714,1.8934,1.5813,101.11,79.2803,61.905,8.7339,8.6263,8.5189,8.8416,8.734,8.6263,8.5188,9.4865,9.2713,8.6262,8.5186,8.4111,19.45,12.3085,0.1063,21.9787,0.1202,95.3667,93.6833,248.731,0.2312,256.655,0.2448,240.497,0.3809,76.1,0,75.6,73.3,6545,3,0,157,116,366,46,118,11,14189,5224
2.6296,2.1879,2.2553,80.746,80.58,80.4867,8.7339,8.6263,8.5188,8.8416,8.7337,8.6263,8.5187,9.4865,9.2714,8.6262,8.5187,8.4109,17.96,12.4201,0.108,22.3267,0.1314,98.2333,76.2167,255.344,0.2547,254.833,0.2467,256.035,0.3726,79.7,0,78.4,73.4,4672,6,0,8,33,161,37,21,0,3520,3361
2.1449,1.544,1.884,80.9793,80.36,80.8713,8.7339,8.6265,8.5181,8.8415,8.7338,8.6263,8.5188,9.4868,9.2713,8.6263,8.5188,8.4111,19.38,12.243,0.1027,22.659,0.1191,94.1,88.4333,255.944,0.3089,250.616,0.143,255.322,0.3139,149.7,0,132,141.2,4996,6,0,10,38,216,34,19,0,11645,5614
2.531,2.0779,2.1458,100.95,79.182,61.8457,8.7337,8.6263,8.5187,8.8415,8.7339,8.6262,8.5188,9.4864,9.2715,8.6262,8.5188,8.4112,20.85,4.165,0.1027,22.4923,0.1191,53.3167,41.25,254.03,0.3089,245.59,0.143,244.709,0.3139,128.5,0,125.8,131.2,2930,6,0,83,99,125,21,58,35,2530,40904
2.5482,1.863,2.0333,100.9067,79.1373,61.8103,8.734,8.6264,8.5187,8.8415,8.7339,8.6262,8.519,9.4867,9.2711,8.6262,8.5188,8.4109,24.71,10.6028,0.0972,17.568,0.2096,83.0667,70.6833,205.117,0.3759,205.58,0.3805,205.047,0.3793,39.4,0,38,35.1,4477,6,0,160,152,417,22,104,46,3245,64104
1.8378,1.4031,1.7419,100.91,79.1483,61.897,8.7337,8.6263,8.5185,8.8414,8.7336,8.6262,8.5188,9.4864,9.2711,8.6261,8.5187,8.4109,22.02,10.8062,0.1032,18.2153,0.1502,70.3333,88.95,205.129,0.3689,204.05,0.3544,206.805,0.3394,45.1,10,46.3,49.5,3688,5,0,166,140,473,21,113,33,1408,40909
1.617,1.1622,1.505,100.85,79.1317,61.8533,8.7336,8.6263,8.5185,8.8416,8.7336,8.6262,8.5188,9.4864,9.271,8.6261,8.5183,8.4106,22.02,10.7669,0.1037,18.3407,0.1669,88.0167,92.4,206.359,0.3767,205.521,0.3661,204.533,0.335,42.2,10,41.8,43.1,3602,5,0,7,34,220,17,15,24,1476,51137
2.25,1.6284,1.5052,98.7367,77.0873,59.944,8.7367,8.6267,8.5168,8.8471,8.7368,8.6269,8.5167,9.5076,9.2873,8.6268,8.5167,8.4065,23.41,10.973,0.0824,17.9416,0.0954,84.0667,77.0667,208.246,0.3607,207.536,0.333,207.616,0.3546,28.4,0,30.7,27.7,2958,3,0,4,13,918,14,0,0,14631,75011
2.4249,1.5855,1.6037,103.4833,80.53,63.8067,8.736,8.6258,8.5151,8.8458,8.7358,8.6253,8.5152,9.5072,9.2866,8.6255,8.5157,8.4055,23.81,11.2346,0.106,18.1551,0.1161,56.5833,89.6667,209.792,0.5133,207.451,0.4512,213.653,0.6266,38.3,0,36.5,36.4,3817,6,0,5,15,1181,17,14,0,12813,73452
1.9593,1.6384,1.0851,101.3567,78.8867,61.7567,8.7362,8.6261,8.5163,8.8472,8.7371,8.6269,8.5163,9.5078,9.2871,8.626,8.5161,8.4056,20.7,11.044,0.1847,19.2194,0.1579,82.35,77.1,205.949,0.1828,205.786,0.1887,267.875,0.1937,45,0,45.4,46.7,4524,3,0,4,13,1086,15,0,0,8403,51275
1.7205,1.2244,1.7259,97.553,76.1853,59.2803,8.7365,8.6265,8.5166,8.8465,8.7365,8.6261,8.5162,9.5075,9.2868,8.6263,8.5168,8.4064,102.8,10.5444,0.0862,22.5816,0.0686,82.3833,83.0667,174.047,0.3644,172.855,0.3628,173.427,0.3767,27.2,0,29.5,28.6,11092,3,0,7,29,549,16,14,0,14118,81013
1.6501,1.4947,1.594,96.8467,75.5687,58.7027,8.7363,8.6275,8.5168,8.8478,8.7374,8.6267,8.5164,9.5091,9.2885,8.6253,8.5157,8.4072,24.83,10.6531,0.1245,21.4034,0.0953,94.5833,85.8167,172.846,0.3793,173.722,0.3873,172.974,0.3656,66.7,0,67.5,67.6,7570,0,0,6,24,782,15,14,0,3677,46869
2.2416,1.8015,2.6239,98.0953,76.5737,59.4973,8.7434,8.6331,8.5228,8.8534,8.7433,8.6328,8.5226,9.5152,9.2946,8.6328,8.5226,8.4123,42.9,11.2965,0.1439,19.4817,0.1495,87.05,89.4833,209.323,0.3545,208.695,0.3626,210.353,0.3601,32.2,0,30.6,30.2,5254,4,0,6,22,612,15,14,0,18547,91173
1.7168,1.3172,1.4977,94.9677,74.4887,58.204,8.7284,8.6209,8.5131,8.837,8.729,8.6215,8.5139,9.4825,9.2672,8.6206,8.5129,8.4049,23.7,11.1847,0.1033,18.854,0.1829,79.4,70.3,207.629,0.3677,209.396,0.3677,208.985,0.3736,20.9,0,22.2,21.5,4386,7,0,263,146,430,26,197,0,4338,87693
1.4571,1.2155,1.3908,94.4887,74.093,57.873,8.7285,8.6206,8.5132,8.836,8.7279,8.6204,8.5127,9.4824,9.2669,8.6207,8.5131,8.405,23.94,11.3087,0.1171,19.2281,0.198,84.75,82.3833,210.669,0.1603,211.7,0.1607,210.299,0.1837,27.3,0,34.7,34.2,4437,6,0,260,159,405,27,197,0,9319,68893
1.4815,1.528,1.247,96.831,75.53,58.7197,8.7367,8.6263,8.5164,8.8469,8.7364,8.6264,8.5163,9.5079,9.2874,8.6268,8.5167,8.4063,17.07,8.1335,0.1294,8.1335,0.1294,81.8167,83.8333,252.541,0.2281,250.109,0.219,249.584,0.2163,22.5,10,21.5,21.1,11702,0,0,5,23,478,16,14,0,16606,93583
1.41,1.2283,1.4265,96.843,75.606,58.7707,8.7371,8.627,8.5167,8.8468,8.7368,8.6265,8.5165,9.5079,9.2874,8.6269,8.5165,8.4065,15.79,11.3451,0.1153,18.2437,0.14,89.6167,86.3833,210.429,0.2287,214.615,0.2366,210.463,0.2184,36.9,0,33.9,34,10920,0,0,6,28,421,17,14,0,12636,84191
1.7795,1.8116,1.5709,96.4787,75.299,58.528,8.7368,8.6265,8.5166,8.8464,8.736,8.6261,8.5162,9.5076,9.287,8.6265,8.5162,8.4062,22.07,10.8123,0.11,22.3841,0.1116,83.5167,74.2333,169.275,0.2429,169.578,0.2247,168.576,0.2324,34.8,0,35.3,34.2,5591,4,0,4,16,1141,14,13,0,2985,46920
1.9864,0.4474,1.0286,98.527,77.123,60.171,8.7556,8.639,8.526,8.8486,8.7409,8.6331,8.5254,9.4949,9.2795,8.633,8.5254,8.4177,20.85,7.5735,0.209,15.1984,0.4595,88.45,79.9333,261.73,0.1108,264.306,0.1088,261.963,0.2905,17.7,0,18.8,18.3,899,3,0,43,27,109,30,65,10,697,2050
1.8284,1.662,1.173,96.3573,75.1993,58.449,8.7367,8.6266,8.5164,8.8468,8.7367,8.6266,8.5164,9.5075,9.2869,8.6265,8.5162,8.4061,20.55,10.7679,0.0877,22.1988,0.0661,80.75,83.75,176.481,0.3982,176.413,0.3854,176.26,0.3935,25.7,0,26.6,26.3,4976,3,0,4,13,1070,14,13,0,17127,85479
1.8879,1.5053,1.9245,95.2113,74.711,58.3257,8.765,8.6552,8.5487,8.8375,8.7296,8.6219,8.5141,9.5042,9.3335,8.6825,8.5705,8.4607,16.05,12.7122,0.112,22.3691,0.119,95.3333,90.25,251.437,0.1277,254.402,0.1219,255.461,0.1164,22.22,0,20.49,21.06,3330,5,0,108,61,388,19,94,0,4519,52952
1.3195,1.2274,1.2607,95.4143,74.1857,56.6963,8.7333,8.6213,8.5149,8.8361,8.7297,8.6226,8.5165,9.4697,9.2563,8.6167,8.5104,8.4032,27.5,12.7556,0.1132,21.9176,0.1334,53.95,54.8,268.125,0.2311,261.949,0.1063,269.584,0.1193,18.21,0,21.1834,18.76,3558,9,0,89,85,361,21,61,0,3929,62226
3,3,3,94.8777,74.3957,58.135,8.7285,8.6206,8.513,8.8364,8.7286,8.6209,8.513,9.4831,9.2676,8.6211,8.5132,8.4055,15.57,12.7495,0.2009,21.4372,0.1673,72.45,65.3333,277.806,0.2551,261.109,0.1447,265.103,0.3709,31.4,0,24.5,26.1,15618,4,0,75,67,241,35,63,20,7392,4479
1.8598,1.5541,1.6174,84.428,66.23,51.958,8.7332,8.6258,8.5182,8.8423,8.782,8.6629,8.5522,9.486,9.2707,8.6259,8.5184,8.4106,17.65,10.958,0.2243,21.5658,0.2438,87.9833,67.7167,173.055,0.3855,173.003,0.3528,172.458,0.3876,0.3568,0,0.3328,0.3815,1607,5,0,26,56,184,22,28,24,1763,35212
1.935,1.4879,1.8665,85.2113,66.8547,52.3853,8.7346,8.6285,8.5195,8.8407,8.7335,8.6256,8.518,9.486,9.271,8.6255,8.5183,8.4104,18.3,10.8651,0.217,21.6438,0.2338,85.4167,80.8333,170.858,0.3392,171.277,0.3761,174.736,0.4008,33.1,0,35.6,31.3,7728,6,0,244,210,504,22,160,26,2771,53999
1.6952,1.3231,1.474,84.8777,66.61,52.2207,8.7329,8.6257,8.5184,8.841,8.7335,8.6256,8.5183,9.4859,9.2708,8.6254,8.5183,8.4103,18.95,10.9303,0.1263,21.6146,0.1625,60.7833,52.7,172.552,0.4062,171.695,0.3809,172.679,0.3958,43.2,0,32.2,27.8,3163,5,0,14,51,318,18,19,38,3502,48096
1.9845,1.8778,2.1323,95.1463,74.629,58.305,8.7284,8.6207,8.5129,8.8363,8.7282,8.6208,8.5131,9.4828,9.2673,8.6208,8.5132,8.4052,26.49,11.0047,0.1614,22.1312,0.1649,93.7167,61.7333,168.33,0.3692,170.458,0.3484,171.484,0.3842,30.3,10,31.5,29.4,8,0,47,46,322,57,53,10,6136,4896,
2.3205,1.5594,3,95.1917,74.6,58.3153,8.7285,8.6207,8.5132,8.8371,8.7294,8.6217,8.5136,9.4827,9.267,8.6208,8.5131,8.4051,24.17,11.0889,0.0993,21.7968,0.1011,93.6833,77.6667,168.027,0.3155,170.442,0.3761,168.72,0.351,24.2,10,21.2,19.9,5,0,87,56,320,20,69,8,9278,5342,
2.1389,1.5225,2.1132,94.8953,74.434,58.1433,8.7288,8.621,8.5134,8.8365,8.7285,8.6208,8.513,9.4828,9.2672,8.7286,8.6207,8.405,20.15,8.2042,0.17,12.7375,0.31,84.3333,75.9833,175.54,0.43,175.08,0.43,174.23,0.43,47.8,0,47.3,45.3,3266,4,0,0,12,522,0,0,0,14889,5367
3.5047,2.0759,2.637,94.84,74.3747,58.043,8.7366,8.6286,8.5207,8.8443,8.7364,8.6284,8.5205,9.4918,9.2799,8.6281,8.5202,8.4123,23.23,12.6636,0.1122,21.7252,0.157,95.55,86.6,249.767,0.2245,249.366,0.3008,253.49,0.2289,40.2,0,47.4,49,6042,7,0,5,29,597,14,0,0,1169,43131
2.1686,8.5331,1.3476,94.6133,74.1853,57.9113,8.736,8.6281,8.5203,8.8449,8.7369,8.629,8.5206,9.4917,9.2769,8.628,8.5201,8.4122,32.2,12.2405,0.129,21.41,0.2217,79.9333,86.6,305.141,0.2796,310.887,0.281,307.448,0.3677,105.3,10,79.9,103.2,6629,5,0,7,37,492,15,0,0,2598,43016
2,1.8852,2.3333,123.1225,97.6929,76.9313,8.733,8.626,8.518,8.841,8.733,8.626,8.518,9.485,9.27,8.626,8.519,8.411,49.64,12.225,0.1247,20.0008,0.1483,68.6167,78.95,305.351,0.2266,308.233,0.2324,305.573,0.2658,41.2,10,49.4,40.9,3110,3,0,0,8,450,0,0,33,12795,4841
1.9444,1.3253,1.54,84.95,66.5607,52.282,8.733,8.6254,8.5179,8.8406,8.733,8.6256,8.5181,9.4861,9.2704,8.6257,8.518,8.4101,18.71,12.2151,0.1169,20.6964,0.1596,91.2167,64.8333,308.563,0.8696,310.533,0.2673,308.034,0.2435,59.6,0,65.5,63.7,2953,6,0,6,28,549,15,0,0,2706,55656
3.6658,2.0267,2.0865,98.5277,77.1883,58.534,8.804,8.705,8.59,8.904,8.804,8.705,8.59,9.559,9.352,8.705,8.59,8.478,19.16,7.2811,0.1887,,,87.5833,53.6833,259.63,0.2287,258.796,0.2379,264.428,0.2525,270.9,0,55.2,86.6,2259,3,0,0,9,662,0,0,0,2533,31518
3.6658,2.0267,2.0865,98.5367,77.195,60.2743,8.7409,8.6331,8.5254,8.8486,8.7408,8.6331,8.5254,9.4948,9.2794,8.6329,8.5252,8.4175,15.63,12.2801,0.115,20.4777,0.1491,85.2833,58.0667,309.061,0.2446,310.112,0.2778,313.647,0.2667,49.6,0,47.6,59.7,2229,4,0,0,10,1080,0,0,0,2236,34940
2.3181,2.802,1.4342,99.116,77.689,60.7063,8.7403,8.6268,8.5212,8.8409,8.7331,8.6259,8.5183,9.4881,9.2734,8.6287,8.521,8.4116,17.23,9.6961,0.12,16.5711,0.16,81.0833,84.1833,172.37,0.38,175.36,0.39,170.79,0.39,65.1,0,62.9,63.2,3706,4,0,4,21,197,15,14,12,22746,91561
1.6129,1.9406,1.2598,99.6797,78.2207,61.0547,8.733,8.6259,8.5184,8.8408,8.7332,8.6257,8.5181,9.4857,9.2707,8.6258,8.5182,8.4105,21.4,12.513,0.1369,24.0189,0.1562,58.6833,89.35,204.309,0.3632,206.385,0.3538,205.643,0.3699,17.2,0,18.3,18.3,6074,3,0,4,23,269,15,14,384,4541,2111
2.5063,1.9007,1.9731,99.4663,77.8517,60.7607,8.738,8.6277,8.5199,8.8425,8.7346,8.627,8.5196,9.4884,9.273,8.6272,8.5196,8.4116,20.21,12.6817,0.1501,23.5726,0.1901,96.4167,68.6,202.688,0.3664,206.282,0.3797,206.079,0.3846,45.4,0,48.4,46.4,3632,3,0,5,27,378,16,14,0,5314,39679
2,2.6102,2.902,71.6336,56.637,44.2733,8.738,8.628,8.526,8.849,8.738,8.628,8.527,9.493,9.281,8.628,8.527,8.416,17.18,12.6678,0.1713,23.8419,0.1824,65,65,209.89,0.3904,206.331,0.3875,203.459,0.3753,28.3,0,27.9,27.2,2908,7,0,0,3,290,0,0,17,2827,32464
1.64,1.1556,2,100.5567,78.613,60.3037,8.736,8.6259,8.5159,8.8462,8.736,8.6259,8.5158,9.507,9.2863,8.6261,8.5158,8.4057,13.7,10.5333,0.1504,20.7756,0.1793,68.6833,71.85,205.955,0.4002,211.013,0.3998,211.604,0.4016,31.1,0,28.6,27.7,13445,46,0,5,13,812,44,25,0,18465,4854
2.7191,1.6936,1.5549,99.5457,77.261,59.6663,8.7381,8.6265,8.5165,8.8465,8.7362,8.6263,8.5163,9.5076,9.287,8.6268,8.5167,8.4061,17.76,10.6136,0.1181,20.6416,0.2789,80.75,83.75,203.875,0.3487,202.082,0.3645,205.252,0.3661,24,0,25.5,23.3,724,3,0,0,6,204,0,0,0,13824,4547
2.3388,1.5208,1.7363,99.8567,77.5117,59.819,8.7358,8.6256,8.5156,8.8464,8.7355,8.6256,8.5157,9.5069,9.2864,8.6258,8.5158,8.4056,115.2,11.9274,0.1267,21.407,0.2145,81.9333,89.4333,261.896,0.2385,250.602,0.2061,259.745,0.2816,71.4,0,67.8,67.5,,,,,,,,,,,
2.3401,1.8,1.9582,83.5237,65.7453,51.5627,8.7333,8.6261,8.5189,8.8394,8.7319,8.6246,8.5175,9.4849,9.27,8.6266,8.5194,8.4117,60.22,11.7123,0.1018,21.8865,0.1711,70.9167,72.5167,253.458,0.1835,265.326,0.3219,257.952,0.2356,54.6,0,52.6,45.5,4594,3,0,3,15,538,0,0,8,7814,5871
1.4868,1.2487,1.4641,83.137,65.4623,,8.7323,8.625,8.5179,8.8402,8.7327,8.625,8.5179,9.4837,9.2686,8.6247,8.5174,8.4101,15.31,12.1963,0.1484,21.7481,0.2078,78.4833,91.3,311.043,0.2665,302.54,0.2725,311.067,0.2601,27.8,0,28.1,27.3,12684,2,0,4,22,676,0,0,20,8011,5392
4.2105,2.3659,4.2268,84.6373,66.681,52.299,8.7362,8.6286,8.5207,8.8437,8.736,8.6285,8.5206,9.4894,9.274,8.628,8.5208,8.4129,21.05,11.7839,0.1283,22.8461,0.1519,84.9167,91.26,250.717,0.1923,255.6,0.2161,256.42,0.2219,32.7,0,31.1,32.8,2416,4,0,0,10,642,0,0,0,2470,33732
4.6505,2.16,3.4416,85.2567,67.1707,52.668,8.7333,8.6257,8.518,8.8409,8.7333,8.6257,8.5182,9.4861,9.2707,8.6257,8.5182,8.4105,17.64,11.772,0.0813,22.7178,0.0939,81.2167,67.2667,255.842,0.2728,254.96,0.2189,254.896,0.5568,17.7,0,17.9,17.5,3746,0,0,0,12,339,14,0,0,3106,28464
3.2857,2.2162,2.4375,71.6336,56.637,44.2733,8.7211,8.613,8.5058,8.8292,8.7214,8.6137,8.5061,9.4752,9.2596,8.6139,8.506,8.3981,25.37,12.2887,0.1011,23.8041,0.1485,88.3,59.2,255.144,0.2439,260.777,0.2534,255.019,0.2404,21.1,0,21.6,20.9,2498,4,0,0,12,618,16,13,41,2999,34787
4.7241,1.8974,3.2557,83.544,65.7263,51.4997,8.7179,8.6103,8.5028,8.8253,8.7177,8.6102,8.5026,9.4705,9.2555,8.6101,8.5028,8.3951,18.05,10,0.01,20,0.01,91.3333,79.35,200,0.01,200,0.01,200,0.01,40,0,40,40,1460,4,0,0,6,469,0,0,0,20649,
2.8373,1.9644,2.3185,83.7663,65.8957,51.6383,8.721,8.6135,8.5053,8.8285,8.7209,8.6132,8.5058,9.4746,9.2596,8.6134,8.5054,8.3973,48.52,11.0852,0.088,18.7724,0.0928,79.9833,82.2833,175.686,0.4083,176.59,0.4059,176.175,0.4192,32,10,31.1,30.4,3550,4,0,0,11,374,26,0,13,16784,5318
2.2692,1.5465,1.75,83.126,65.3477,51.2227,8.7174,8.612,8.5025,8.8252,8.7176,8.6101,8.5027,9.4703,9.2552,8.61,8.5025,8.3948,22.38,10,0.01,20,0.01,95.8833,79.2,200,0.01,200,0.01,200,0.01,40,0,40,40,3820,8,0,0,11,686,63,0,0,12957,5550
3,3,3,83.6667,65.6667,51.6667,8.7307,8.6226,8.5149,8.8398,8.7319,8.624,8.5166,9.4847,9.2691,8.6222,8.5139,8.4063,20,11.2239,0.1123,18.1728,0.0903,77,62.75,171.002,0.3656,171.077,0.3456,171.253,0.3538,63.1,0,64.4,57.4,6796,6,0,9,52,548,5,11,16,1030,52126
1.6283,1.9669,1.6675,84.6833,66.66,52.3333,8.7317,8.6236,8.5225,8.8408,8.7322,8.6239,8.523,9.4841,9.2748,8.6238,8.5231,8.415,22.23,11.1719,0.1183,18.3674,0.0998,84.25,86.6,171.085,0.2092,171.316,0.1909,170.28,0.2078,0.2092,0,0.1909,0.2078,5930,9,0,5,37,1314,18,13,0,3203,73477
3,3,3,83.6667,65.6667,53,8.7303,8.6225,8.5148,8.8381,8.7303,8.6225,8.5148,9.4848,9.2692,8.6225,8.5148,8.4069,20,11.148,0.086,18.375,0.079,67.2833,50.3667,171.13,0.4175,170.724,0.3946,171.945,0.3572,71.1,10,69.9,69.2,5969,13,0,5,37,1542,20,13,0,3126,83678
1.6681,8.3511,1.9924,82.952,65.201,51.1573,8.7321,8.6268,8.5256,8.8431,8.7346,8.6258,8.5251,9.4877,9.2778,8.6269,8.5266,8.4173,23.87,11.1527,0.0968,18.2697,0.0828,79.55,73.1333,171.117,0.3642,172.005,0.3501,172.681,0.3411,49.7,0,50.7,51.7,11622,3,0,5,30,890,0,0,10,3177,2936
1.3452,1.0886,1.2932,82.9853,67.225,51.173,8.7321,8.6236,8.5229,8.8406,8.7319,8.636,8.523,9.4832,9.279,8.6237,8.523,8.4147,37.17,11.385,0.1005,18.5928,0.0903,94.4333,71.5667,173.95,0.3983,173.105,0.4003,173.737,0.4005,23.4,0,24.3,23.7,5841,20,0,9,52,992,48,0,0,15708,0
1.7633,1.4861,1.4435,89.85,71,56,8.7348,8.6261,8.5252,8.8429,8.7347,8.6257,8.5247,9.4879,9.2775,8.621,8.5257,8.4177,15.42,10,0.01,20,0.01,89.6833,86.6,200,0.01,200,0.01,200,0.01,40,0,40,40,5934,7,0,172,210,533,21,101,33,1022,52749
1.7622,1.4356,1.5188,84.7333,67.0167,55.7333,8.73,8.623,8.514,8.8522,8.7432,8.6348,8.5339,9.487,9.2776,8.626,8.5254,8.417,22.81,10,0.01,20,0.01,33.25,39.6833,200,0.01,200,0.01,200,0.01,40,0,40,40,4662,7,0,163,174,457,21,97,21,1972,53939
1.7271,1.684,2.2813,82.8857,65.1273,51.1163,8.7236,8.6154,8.5142,8.8322,8.7236,8.6153,8.5146,9.4824,9.2729,8.6232,8.522,8.4139,15.63,8.313,0.1212,12.6734,0.0972,85.5333,61.2833,171.419,0.3906,171.551,0.3848,172.895,0.3923,34,0,44.1,33.1,,,,,,,,,,,
3,3,3,133.3333,105.6667,83.6667,8.7303,8.6225,8.5148,8.8381,8.7303,8.6225,8.5148,9.4848,9.2692,8.6225,8.5148,8.4069,20,12.2139,0.0969,21.4955,0.1063,80.35,82.4667,259.732,0.2544,264.585,0.2645,264.288,0.2792,54.5,0,57.3,56.2,4269,8,0,170,138,677,21,107,0,8555,94968
3,3,3,133.3333,105.6667,83.3333,8.7303,8.6225,8.5148,8.8381,8.7303,8.6225,8.5148,9.4848,9.2692,8.6225,8.5148,8.4069,20,12.5099,0.1071,23.7319,0.2059,70.05,64.9667,261.106,0.0785,262.301,0.1346,265.473,0.4032,73.7,0,74.5,76.5,4729,6,0,152,155,588,19,96,0,4792,62828
1.0532,1.3124,1.4078,165.86,131.2567,103.7567,8.7267,8.6195,8.5125,8.834,8.7267,8.6196,8.5126,9.4772,9.2628,8.6201,8.5129,8.4056,45.8,12.6877,0.113,23.3483,0.136,84.3167,72.7,264.512,0.2727,266.547,0.5527,265.089,0.2457,73.1,10,75,75.5,6409,3,0,3,21,561,0,0,0,11767,4641
1.8249,1.4753,4.4275,79.7953,62.687,49.077,8.7179,8.6103,8.5028,8.8252,8.7177,8.6102,8.5028,9.4705,9.2555,8.6102,8.5027,8.3952,21.31,10.08,,18.343,,94.2667,71.7,174,0.43,174,0.43,174,0.43,30,0,30,30,1765,4,0,0,8,1209,2,2,0,22408,10955
3.6061,2.4412,2.2865,79.5317,62.466,48.8807,8.7173,8.61,8.5025,8.8252,8.7175,8.6102,8.5025,9.47,9.2552,8.6098,8.5026,8.3946,22.01,10.379,0.11,18.126,0.12,66.4833,71.3167,173,0.42,173,0.43,173,0.43,30,0,30,30,1548,5,0,0,6,900,14,0,0,20251,88853
2.6257,2.1391,2.2624,86.6653,68.036,53.2113,8.7251,8.6173,8.5097,8.8329,8.7253,8.6175,8.5099,9.4792,9.2637,8.6173,8.5097,8.402,21.81,9.6961,0.12,16.5711,0.16,75.15,64.3667,172.37,0.38,175.36,0.39,170.79,0.39,65.1,0,62.9,63.2,1936,4,0,0,7,1024,2,2,0,4630,32976
2,3.4571,3.65,85.0767,67.207,52.7807,8.738,8.627,8.523,8.849,8.738,8.627,8.523,9.494,9.28,8.628,8.524,8.413,,10,0.01,20,0.01,89.2,75.4833,200,0.01,200,0.01,200,0.01,40,0,40,40,1648,5,0,0,8,782,14,0,0,6160,33432
2,3.4571,3.65,84.34,66.603,52.508,8.737,8.626,8.523,8.849,8.738,8.626,8.523,9.493,9.278,8.626,8.524,8.412,16.415,,0.13,,0.13,84.7667,80.5167,171.0528,0.45,173.03,0.43,170.1219,0.43,39.29,0,41.66,36.62,1844,5,0,0,8,774,15,0,117,97,38222
2,2.6102,2.902,71.6336,56.637,44.2733,8.738,8.628,8.526,8.849,8.738,8.628,8.527,9.493,9.281,8.628,8.527,8.416,17.18,14.21,0.13,14.21,0.13,60,60,172,0.45,172,0.43,172,0.43,41.52,0,29.95,32.64,5042,4,0,4,20,1043,14,13,69,110,45103
3,3,3,83.6667,66.3333,52,8.7303,8.6225,8.5148,8.8381,8.7303,8.6225,8.5148,9.4848,9.2692,8.6225,8.5148,8.4069,20,9.4681,0.1486,17.0477,0.1803,60,60,169.362,0.3935,168.941,0.3396,167.525,0.2832,58.18,0,52.78,58.9,1124,3,0,0,2,461,0,0,0,3491,19565
2.5055,3.325,2.1463,83.8987,66.372,52.1517,8.735,8.624,8.521,8.846,8.732,8.624,8.521,9.489,9.274,8.623,8.52,8.409,16.22,9.5586,0.13,16.7305,0.1516,86.3833,77.6333,168.212,0.3883,170.275,0.347,170.067,0.3619,61.5,0,63,65.1,2870,4,0,3,12,1054,14,0,0,1927,33917
1.3931,2.7586,2.1653,83.597,66.0017,51.856,8.735,8.624,8.521,8.846,8.732,8.624,8.521,9.489,9.274,8.623,8.52,8.409,16.2,12.5092,0.1225,21.1769,0.1177,90.05,51.1333,245.276,0.1204,250.707,0.1423,246.594,0.2265,39,0,36.4,28.3,,,,,,,,,,,
2.3286,1.5,1.6211,84.452,66.744,52.4223,8.7318,8.622,8.5203,8.8419,8.732,8.6221,8.5204,9.485,9.2735,8.622,8.5203,8.4105,16.82,8.987,0.12,17.8564,0.0749,76.5333,89.3333,176.132,0.4192,175.836,0.4085,175.855,0.4056,30.9,0,32.2,31.5,,,,,,,,,,,
2.1446,1.4754,1.5977,84.3993,66.6637,52.329,8.7316,8.6219,8.5202,8.842,8.7318,8.6218,8.5201,9.4848,9.2733,8.6218,8.5202,8.4102,20.31,10.5485,0.0959,22.3059,0.0828,94,88.2333,173.965,0.4118,175.633,0.3432,174.576,0.3969,63,0,66.2,72.4,,,,,,,,,,,
2.0181,1.6149,1.9571,85.03,66.735,52.258,8.7332,8.6259,8.5184,8.8408,8.7331,8.6257,8.5181,9.4858,9.2707,8.6255,8.5181,8.4105,16.12,7.4566,0.2109,15.1775,0.2932,82.2833,68.2333,260.802,0.2167,259.505,0.2123,257.329,0.2044,28,0,54.2,43.2,1124,4,0,8,31,282,16,15,0,2878,27246
2.0247,1.5686,1.8707,133.79,106.0133,84.048,8.7224,8.616,8.5098,8.8283,8.7217,8.6156,8.5091,9.4751,9.2577,8.6154,8.5092,8.3981,39.49,8.2414,0.1168,12.7779,0.1532,87.1833,30.6167,174.294,0.408,173.801,0.0348,175.742,0.4361,33.8,0,34.9,35.8,10130,6,0,208,183,504,,,17,546,42591
1.2237,1.3625,1.4356,96.0554,75.3931,58.9656,8.7365,8.6286,8.5205,8.8447,8.7368,8.6288,8.5209,9.4918,9.2759,8.6282,8.5204,8.4123,47.61,12.1191,0.1344,20.7668,0.1693,55.35,71.05,264.926,0.1362,259.625,0.1259,258.999,0.133,51.6,0,52.9,52.6,2408,7,0,117,59,180,18,87,0,19890,90364
1.7361,1.6667,2.0642,88.5624,70.6304,57.5022,8.7305,8.6236,8.5168,8.8373,8.7305,8.6236,8.5168,9.4784,9.2647,8.6235,8.5167,8.4099,16.62,12.2982,0.134,20.5697,0.1796,95.9333,82.9,262.332,0.2343,258.629,0.1498,259.277,0.1538,47.7,0,49.3,47.8,,,,,,,,,,,
2.2613,1.6111,1.9884,165.7833,131.2,103.66,8.7264,8.6196,8.5123,8.8338,8.7266,8.6195,8.5124,9.4771,9.2625,8.6198,8.5126,8.4055,60.22,10.7938,0.0858,22.5346,0.1013,80.9333,66.25,177.257,0.4118,175.327,0.4128,175.244,0.3934,1.1676,0,1.3178,1.3151,,,,,,,,,,,
5.1613,6.993,3.4569,82.7883,65.112,51.026,8.7525,8.6117,8.5046,8.8266,8.7192,8.6113,8.5039,9.4743,9.2613,8.659,8.5468,8.3966,15.46,12.2711,0.097,23.426,0.1885,74.7667,58.5833,258.329,0.2183,263.8922,0.2485,261.507,0.2529,72.6,0,75.2,76.6,,,,,,,,,,,
5.3955,3.7075,3.3625,82.2403,64.666,50.6847,8.7254,8.6177,8.5099,8.8331,8.7253,8.6176,8.5099,9.4794,9.264,8.6176,8.5099,8.4022,16.09,11.0422,0.1281,19.5073,0.2361,69.45,64.8333,260.757,0.2364,262.131,0.3303,259.785,0.2399,36.9,0,38,34.7,,,,,,,,,,,
0.7757,2.3614,1.2683,94.964,74.4533,58.1333,8.7417,8.6327,8.5243,8.8496,8.739,8.6326,8.5262,9.4977,9.2822,8.6363,8.5273,8.4192,21.38,13.1499,0.138,16.3189,0.2849,92.4167,80.9833,180.382,0.4092,179.413,0.4443,180.777,0.4548,46.4,0,34.5,38.8,,,,,,,,,,,
2.926,1.8031,2.3733,79.2773,62.3127,48.482,8.7177,8.6103,8.5027,8.8252,8.7175,8.61,8.5025,9.4704,9.2551,8.61,8.5028,8.3949,15.62,7.3699,0.1099,15.1239,0.1225,98.45,61.3,261.66,0.2168,269.7,0.294,262.57,0.2182,38.2,0,35.2,33.6,,,,,,,,,,,
2.9151,1.9468,2.4396,86.2433,67.64,54.4897,8.7227,8.6146,8.5064,8.8307,8.7221,8.6138,8.5056,9.4801,9.2636,8.6133,8.5053,8.3965,15.71,10.2453,0.1082,17.1932,0.12,82.8167,46.0333,176.123,0.3991,171.469,0.3837,171.834,0.4045,69.8,0,70.8,69.9,1342,0,0,0,5,638,0,0,0,6917,28290
2.639,1.7923,1.3297,99.554,78.3693,61.4013,8.7199,8.6117,8.5036,8.8279,8.7197,8.6116,8.5034,9.4771,9.2606,8.6115,8.5035,8.3952,18.92,12.3436,0.1035,23.3568,0.155,66.1,62.7167,261.405,0.3536,264.176,0.2622,261.937,0.2978,119.7,0,121.2,123.6,,,,,,,,,,,
1.2488,1.1889,1.1515,88.064,70.1067,56.5413,8.7238,8.6172,8.5106,8.8309,8.724,8.6172,8.5106,9.4704,9.257,8.6172,8.5104,8.4037,49.23,12.3536,0.1065,17.3785,0.2302,78.2167,64.2333,257.938,0.2603,262.627,0.2579,261.269,0.4,73.5,0,73.9,28.7,,,,,,,,,,,
1.3906,1.2036,1.3273,92.9967,73.902,58.376,8.717,8.612,8.5068,8.8224,8.7173,8.6122,8.507,9.4526,9.2428,8.612,8.5067,8.4016,33.56,12.4329,0.107,22.397,0.1363,73.05,85.4,256.746,0.2401,251.309,0.4368,251.679,0.2109,69.3,0,71.4,69.7,,,,,,,,,,,
2.9577,2.207,1.7996,79.211,62.2697,48.7313,8.7175,8.6103,8.5024,8.8254,8.7179,8.6099,8.5028,9.4705,9.2554,8.6104,8.5028,8.395,21.9,12.4305,0.1126,21.0425,0.1728,79.9,71.5167,255.284,0.3657,255.804,0.2269,260.985,0.2159,75.7,0,72.2,69.4,,,,,,,,,,,
3.1633,2.0073,1.793,79.4833,62.4427,48.8743,8.7182,8.6108,8.5036,8.8253,8.7176,8.6103,8.503,9.4707,9.2551,8.6102,8.5028,8.3948,19.93,12.79,0.1359,22.7126,0.1357,97.2667,48.3333,268.596,0.275,267.187,1.0984,266.662,0.4682,52.9,0,48.5,50.8,1292,5,0,0,6,952,14,0,0,23059,97643
2.5213,1.9487,2.1374,101.08,79.2643,61.8847,8.7337,8.6262,8.5188,8.8417,8.7336,8.6262,8.5187,9.4866,9.2712,8.6261,8.5188,8.411,40.8,12.694,0.1286,23.6838,0.1728,60,60,255.838,0.2209,255.575,0.2318,264.905,0.239,40.1,0,44.4,43.9,3104,6,0,141,110,345,22,97,30,2376,50216
2.2809,2.8328,3.4649,81.9287,64.492,50.485,8.7178,8.6104,8.5029,8.8256,8.7176,8.6103,8.5027,9.4702,9.2551,8.6102,8.5025,8.395,16.76,10,0.01,20,0.01,74.7333,87.2167,200,0.01,200,0.01,200,0.01,40,0,40,40,3646,4,0,9,48,395,16,16,47,2851,42234
2.5523,1.595,2.5622,84.7633,66.5163,57.9237,8.7179,8.6107,8.5032,8.8257,8.7181,8.6106,8.5039,9.4706,9.2557,8.6104,8.5031,8.3952,18.55,12.577,0.1017,23.4008,0.1681,74.7333,64.9,258.967,0.2559,249.95,0.1953,251.451,0.2832,99.4,0,103.8,104.2,1137,0,0,0,4,408,0,0,0,3700,18704
3.5385,2.4706,2.25,74.0833,61.811,57.05,8.7333,8.6258,8.518,8.8407,8.733,8.6255,8.5181,9.4857,9.2706,8.6255,8.5182,8.4102,16.09,12.5934,0.0938,23.6104,0.1156,59.4833,59,260.388,0.2481,261.29,0.3346,259.712,0.2381,114.8,0,113.1,116.5,2115,5,0,72,81,297,21,55,0,15465,91750
3,3,3,84.7633,66.5163,57.9237,8.7329,8.6256,8.5179,8.8408,8.7331,8.6256,8.5181,9.4856,9.2704,8.6256,8.5181,8.4103,20,12.5442,0.091,24.0079,0.1079,78.25,47.15,259.148,0.5987,259.936,0.2386,259.287,0.2383,120.9,0,123,124.1,2044,4,0,18,50,153,18,21,33,20060,90451
1.8769,1.2938,1.5702,79.242,62.2823,48.7427,8.7204,8.6131,8.5054,8.8281,8.7204,8.6128,8.5049,9.4735,9.2585,8.6128,8.5053,8.3973,20.4,12.3342,0.0943,23.5628,0.1373,85.2667,73.8833,257.443,0.5112,260.462,0.248,260.096,0.2162,55.9,0,58.3,60.5,2092,3,0,0,8,1127,2,2,0,3100,36087
1.9785,1.5512,1.6019,79.031,62.0867,48.5753,8.7174,8.6102,8.5024,8.8254,8.7176,8.6099,8.5024,9.4702,9.2552,8.6103,8.5025,8.3951,20.4,10.9948,0.087,19.5221,0.2048,70.7833,69.2167,168.457,0.3992,168.579,0.4123,168.056,0.4052,72.3,0,78.5,72.8,,,,,,,,,,,
1.6028,1.4884,1.4576,79.3627,62.3563,48.8197,8.7176,8.6102,8.5025,8.8254,8.7176,8.6101,8.5027,9.4705,9.2554,8.6101,8.5028,8.395,20.37,7.4288,0.1899,15.7931,0.4991,83.9833,63.3833,265.2,0.3004,256.2,0.2293,256.897,0.2268,58.9,0,94.8,560.4,,,,,,,,,,,
2.6034,1.734,1.7708,79.5697,62.5407,48.9483,8.7177,8.61,8.5026,8.8252,8.7174,8.61,8.5026,9.4704,9.255,8.6102,8.5024,8.3951,22.61,12.4479,0.1077,23.4766,0.1599,86.2833,66.6,259.175,0.3579,258.995,0.2483,264.312,0.4993,115.4,0,132.4,121.2,,,,,,,,,,,
1.7717,1.1751,1.4356,85.9053,67.3703,52.647,8.7198,8.6117,8.5035,8.8281,8.7196,8.6115,8.5035,9.477,9.2606,8.6116,8.5034,8.395,14.87,11.2098,0.1048,19.775,0.2266,78.15,72.5833,263.576,0.2631,257.235,0.2458,255.544,0.213,34,0,36.1,31.4,161,0,0,0,0,65,0,0,0,12257,44634
1.28,1.1412,1.5,88.2893,70.3013,56.7333,8.7237,8.6171,8.5104,8.8305,8.7236,8.617,8.5104,9.4706,9.2572,8.6173,8.5105,8.4038,22.28,11.1394,0.0968,19.3335,0.1931,69.4,75.6,261.148,0.2415,256.178,0.2206,259.198,0.2329,33.1,0,32.6,30,,,,,,,,,,,
3.8879,2.0183,1.7491,79.305,62.3373,48.807,8.7176,8.6099,8.5023,8.8252,8.7178,8.61,8.5026,9.4704,9.255,8.6102,8.5023,8.3951,16.36,13.6378,0.1057,21.0755,0.143,84.5167,78.4667,172.993,0.3142,173.611,0.389,173.913,0.3833,41,0,40,37.2,,,,,,,,,,,
2.1389,1.8378,1.3369,85.653,67.153,52.4457,8.7218,8.6131,8.5049,8.8295,8.7214,8.6132,8.5048,9.4796,9.2633,8.6131,8.5046,8.3964,24.98,15.2848,0.2139,26.1429,0.3683,78.5333,76.25,257.314,1.8502,256.663,0.2203,256.917,0.2063,73.7,0,78.5,73.4,2097,3,0,0,9,815,0,0,0,3909,24238
2.5355,2,2.0366,86.1823,67.602,52.8157,8.7199,8.6121,8.5037,8.8281,8.7195,8.6116,8.5035,9.4773,9.261,8.612,8.5037,8.3955,15.65,11.9211,0.0991,21.3918,0.1116,72.7667,79.2667,257.959,0.2644,256.919,0.6296,257.043,0.2447,52,0,52,51,2005,0,0,0,7,793,0,0,0,6461,28790
1.7158,1.6667,1.2936,95.9427,74.8187,58.4133,8.7137,8.605,8.4905,8.8224,8.7137,8.605,8.4964,9.4739,9.2567,8.6049,8.4964,8.3877,87.23,9.6203,0.095,16.7792,0.1987,40.2333,47.4833,167.501,0.3872,166.239,0.3806,168.375,0.3977,21.5,0,22.6,21.6,8343,8,0,5,22,640,20,22,38,586,305
1.9375,1.3798,2.0351,124.7567,95.0533,76.8697,8.52,8.6265,8.736,8.416,8.52,8.626,8.7355,7.8425,8.025,8.6265,8.7355,8.848,,12.1366,0.1016,20.9006,0.1798,86.6167,45.7,271.08,0.1356,270.021,0.1281,271.514,0.1367,105.3,0,96.5,90.2,2431,10,0,258,151,270,29,176,0,2455,89362
2.2162,2.3,2.0606,78.771,62.039,48.708,8.721,8.6131,8.5057,8.8281,8.7208,8.6132,8.5052,9.4739,9.2595,8.6131,8.5053,8.3978,18.63,9.5932,0.1237,17.4031,0.1937,61.8833,71.55,168.998,0.381,167.948,0.3654,167.32,0.3848,,0,,,771,3,0,0,2,373,0,0,0,3392,19189
2.6705,1.6576,2.0447,83.7063,66.0723,51.859,8.7319,8.6222,8.5203,8.8422,8.7322,8.6223,8.5209,9.4852,9.2735,8.6223,8.5204,8.4104,17.14,11.9828,0.1122,23.5558,0.1119,71.3,66.7333,173.023,0.3998,174.61,0.4311,173.438,0.4195,67,0,72,69.3,1812,5,0,7,12,338,15,15,20,2320,38096
1.3921,1.4444,1.4058,79.1457,62.3043,48.9003,8.7179,8.6105,8.5028,8.8258,8.7181,8.6104,8.5029,9.4709,9.2556,8.6105,8.503,8.3951,20.13,12.1847,0.0776,23.4133,0.0688,60,60,173.514,0.0776,173.047,0.069,172.79,0.1014,27,0,27.4,26.6,655,0,0,0,4,328,0,0,0,3266,20613
2.6071,1.6905,1.7619,83.7187,66.08,51.8667,8.7318,8.6219,8.5205,8.8444,8.7343,8.6241,8.5228,9.485,9.2734,8.6221,8.5204,8.4105,19.54,12.2277,0.0796,22.1765,0.0663,72.7167,84.0667,200.171,0.2841,200.423,0.3769,201.158,0.397,39.2,0,29.1,28.4,755,4,0,39,32,156,15,33,0,17969,77909
1.3944,1.2308,1.4909,84.0237,66.2337,52.1223,8.7235,8.6161,8.5094,8.8302,8.7232,8.6163,8.5093,9.4722,9.258,8.6162,8.5092,8.4021,20.31,12.1696,0.1306,20.2895,0.1466,84.4,49.1667,315.298,0.1558,313.73,0.1475,309.036,0.1587,39.8,0,60,38.9,2871,7,0,5,35,623,19,14,0,8021,67745
1.5722,1.2647,1.4903,83.294,65.6707,51.658,8.7231,8.6162,8.5092,8.831,8.7237,8.617,8.51,9.4721,9.2582,8.6164,8.5092,8.4023,20.6,10.5908,0.1732,22.1632,0.1864,83.3,72.9667,172.901,0.386,171.804,0.2911,167.99,0.0959,31.3,0,42.1,33,1660,4,0,3,15,334,15,0,0,16028,70399
2.5318,1.2308,1.3955,84.77,66.5797,52.1123,8.7179,8.6105,8.5031,8.8261,8.7183,8.6109,8.5032,9.4707,9.2556,8.6103,8.5028,8.3952,26.07,11.9796,0.1019,21.1352,0.1245,60,60,265.369,0.2536,260.68,0.3509,258.051,0.2549,50.9,0,51.3,53.1,1124,3,0,0,2,461,0,0,0,3491,19565
1.7059,2.2464,1.8166,99.7153,78.096,60.9517,8.7329,8.6255,8.518,8.8405,8.7329,8.6253,8.518,9.4857,9.2706,8.6255,8.518,8.4103,48.66,13.656,0.17,21.082,0.31,89.6833,75.05,174,0.51,175,0.71,172,0.47,37.6,0,37.9,37,,,,,,,,,,,
3.3049,2.0563,2.5031,96.231,75.513,59.0187,8.7289,8.6214,8.5138,8.8371,8.7292,8.6216,8.5138,9.4827,9.2672,8.6208,8.5129,8.4051,22.98,12.1394,0.0975,23.532,0.1739,89.2333,49.4333,255.663,0.1238,255.697,0.198,258.317,0.198,62.3,0,63.4,60.8,4471,6,0,114,69,465,21,98,0,5760,61254
2.541,2.7222,2.4194,78.8317,62.0537,48.7043,8.7209,8.6134,8.5051,8.8289,8.7208,8.6129,8.5054,9.4742,9.2592,8.613,8.5052,8.3979,19.18,10.4758,0.1158,23.3992,0.133,60.2167,71.55,260.959,0.2262,263.172,0.172,260.96,0.2119,27.6,0,30.3,32.5,802,3,0,0,2,0,0,0,0,4595,24187
2,1.33,1.0951,83.5751,65.1625,51.1645,8.731,8.623,8.515,8.827,8.718,8.61,8.501,9.48,9.263,8.61,8.502,8.393,14.196,10.9064,0.0906,21.5409,0.0766,66.65,68.4667,175.91,0.4185,175.335,0.402,175.242,0.4052,28.9,0,29.8,29.5,,,,,,,,,,,
2.4167,1.5849,1.7097,83.1442,65.3516,51.2043,8.7176,8.6101,8.5024,8.5251,8.7175,8.61,8.5024,9.4703,9.2552,8.6101,8.5026,8.3949,23.02,9.5543,0.111,17.1578,0.1397,60,60,170.614,0.3935,168.163,0.3782,167.406,0.3976,56.7,0,55.5,51.7,6474,5,0,0,13,552,16,13,0,2280,41986
1.4017,1.1785,1.3025,94.4033,73.9963,57.8063,8.7284,8.6207,8.513,8.8364,8.7286,8.6209,8.5133,9.4831,9.2672,8.6208,8.5133,8.405,34.05,10.5893,0.1181,23.2651,0.1131,88.3833,57.25,260.053,0.3004,260.121,0.569,259.787,0.1488,41.9,0,28.8,28.4,,,,,,,,,,,
2.25,2.78,3.1042,83.714,66.138,51.9293,8.732,8.6221,8.5204,8.8424,8.7323,8.6221,8.5207,9.485,9.2733,8.6219,8.5203,8.4101,17.38,10.5042,0.13,22.1546,0.13,79.25,77.5833,174.851,0.45,174.503,0.43,175.349,0.43,39.29,0,41.66,36.62,1069,5,0,53,28,232,16,45,0,1646,29547
1.4737,1.1744,1.449,95.783,75.1307,58.7857,8.735,8.624,8.521,8.846,8.732,8.624,8.521,9.489,9.274,8.623,8.52,8.409,24.35,12.3796,0.1186,22.43,0.151,94,80.7467,251.535,0.3023,257.324,0.5227,253.171,0.4745,47.3,0,38,40.7,,,,,,,,,,,
1.6413,1.3155,1.6308,85.3783,67.0603,52.606,8.7331,8.6255,8.5179,8.8408,8.7332,8.6257,8.5183,9.4856,9.2705,8.6254,8.5177,8.4102,21.38,12.6114,0.1556,21.6634,0.2049,77.3833,82.9,248.691,0.2081,253.391,0.202,256.61,0.2273,56.4,0,51.1,55.6,1732,4,0,7,28,214,18,15,0,2554,28012
2.2554,1.777,1.9305,84.8923,66.6743,52.2893,8.7336,8.6261,8.5187,8.8413,8.7336,8.6261,8.5187,9.4871,9.2717,8.6263,8.5188,8.4112,23.86,12.5936,0.0773,22.9758,0.0764,75.75,85.4,200.758,0.3408,201.451,0.3816,199.331,0.3849,62.1,0,38.7,35.7,,,,,,,,,,,
2.9567,2.102,2.3306,84.3963,66.5933,52.131,8.7209,8.6134,8.5052,8.8286,8.7209,8.613,8.5055,9.4748,9.259,8.6133,8.5051,8.3975,22.37,12.5353,0.1735,22.5581,0.1549,81.95,71.2833,200.452,0.6554,200.334,0.3727,198.898,0.3862,47.26,0,46.344,45.916,1000,0,0,0,2,450,0,0,0,4482,19721
1.925,1.5074,1.7335,85.5103,67.1587,53.197,8.7185,8.6109,8.5034,8.8263,8.719,8.6114,8.5037,9.4716,9.2566,8.6111,8.5036,8.3963,14.46,10,0.01,20,0.01,60,60,200,0.01,200,0.01,200,0.01,40,0,40,40,2356,0,0,0,6,1026,0,0,0,6129,41601
3,3,3,80,63,50,8.7303,8.6225,8.5148,8.8381,8.7303,8.6225,8.5148,9.4848,9.2692,8.6225,8.5148,8.4069,20,11.1119,0.2011,19.2384,0.4828,80,80,264.457,0.274,261.99,0.1933,268.695,0.2579,96.3,0,99.7,97.6,1038,7,0,0,4,525,0,0,0,4295,30218
1.1334,1.6502,1.3125,86.3333,67.6667,53,8.7207,8.6125,8.5043,8.8296,8.7211,8.6232,8.5048,9.4784,9.2617,8.6127,8.5043,8.3962,16.47,9.6961,0.12,16.5711,0.16,60,60,172.37,0.38,175.36,0.39,170.79,0.39,65.1,0,62.9,63.2,673,0,0,0,2,386,0,0,0,6555,28522
2,2.6102,2.902,71.6336,56.637,44.2733,8.738,8.628,8.526,8.849,8.738,8.628,8.527,9.493,9.281,8.628,8.527,8.416,17.18,10,0.01,20,0.01,81.72,76.65,200,0.01,200,0.01,200,0.01,40,0,40,40,1026,5,0,11,28,332,16,17,19,12436,70027
1.99,1.85,1.18,57.3333,63.3333,64.3333,8.7198,8.6119,8.5036,8.8284,8.7201,8.6121,8.5037,9.4771,9.2607,8.6118,8.5035,8.3953,27.25,12.8645,0.1363,22.4427,0.384,63.4,70.9,191.67,0.2482,192.994,0.2248,188.17,0.23,46.3,0,51.3,46.6,3758,8,0,95,83,487,25,72,24,13502,90507
