score,Insu R1,Insu R2,Insu R3,SC Tap1,SC Tap2,R12.8,R12.9,R12.10,R23.8,R23.9,R31.3,R31.9,R31.10,x10,Cap HL,Tan HL,Cap LH,Tan LH,BD Main,BD OLTC,Bush1 cap,Bush1 tan,Surge1 loss,Surge1 leak,CO2,C2H4,C2H2,C2H6,CH4,CO,C3H6,C3H8,H2,O2,N2
87.4417,0.4817,2.184,2.2319,,,8.7324,8.6233,8.5171,8.7379,8.6287,9.3277,8.6293,8.5235,,10.3228,0.1887,31.8342,0.1692,89.0167,30.3667,,,37.4,0,4800,31,0,13,63,680,26,17,22,3465,82905
94.375,3,3,3,73.6667,80.6667,8.7366,8.6287,8.5207,8.7363,8.6283,9.276,8.6282,8.5202,20,7.479,0.1739,7.479,0.1783,82.05,71.6833,167.82,0.2931,45.4,10,3594,40,3,14,47,219,18,3,46,14288,5115
92.1333,2.43,1.8889,1.5439,72.3333,80.6667,8.7311,8.6223,8.5162,8.7311,8.622,9.3192,8.6221,8.5161,20,10.2621,0.1191,,0.13,81.4833,91.6,236.74,0.3247,66.8,0,5666,12,0,6,14,612,15,14,0,3210,60927
87.8667,2.1275,1.8523,1.487,,,8.7368,8.6275,8.521,8.7367,8.6274,9.327,8.6274,8.521,,15.2854,0.2502,15.2854,0.2499,87.7667,78.7833,256.753,1.6209,157.6,10,1777,16,0,538,205,172,438,0,0,916,85290
91.5833,2.28,2.359,2.9344,,93.3697,8.5155,8.6218,8.7307,8.5157,8.622,8.0206,8.6216,8.7313,61.7,16.9558,0.1699,28.2287,0.2016,89.05,45.85,258.005,0.2302,149.8,0,2115,15,0,462,200,142,323,0,0,786,83921
86.5167,1.8519,1.495,1.3153,,,8.5134,8.6198,8.7288,8.5137,8.6198,8.0186,8.6195,8.7286,1.2872,15.3808,0.1835,,,78.4167,41.3167,259.201,1.34,82.1,0,8290,82,0,5,10,1548,34,15,0,14439,90655
88.1333,2.008,2.1043,1.8664,87.442,80.2099,8.52,8.627,8.737,8.521,8.627,7.932,8.416,8.52,15.999,8.5254,0.14,23.3375,0.15,88.2,76.95,224.48,0.21,120.4,0,871,4,0,18,14,63,15,23,0,2708,27563
96.3917,3,3,3,95.6667,100.3333,8.7347,8.6265,8.5184,8.7347,8.6264,9.2761,8.6265,8.5181,20,10,0.01,20,0.01,52.35,60.0833,200,0.01,40,0,397,5,0,16,7,55,23,29,0,17280,352
85.5833,1.8603,1.6138,1.3447,,,8.7289,8.62,8.5137,8.7289,8.6199,9.3179,8.6201,8.5139,1.088,15.6665,0.316,26.3177,0.3499,75.6667,41.3333,250.805,0.1218,44.41,0,7443,8,0,4,14,0,31,21,122,14509,5212
89.3333,1.4571,1.1475,1.6667,,,8.7293,8.6201,8.5133,8.7293,8.62,9.3217,8.62,8.5135,1.1085,8.5719,0.1059,22.9695,0.1194,77.3,71.5833,223.744,0.222,80.2,0,3867,15,0,314,155,229,38,252,28,6952,77184
90.2667,2.3433,1.2587,1.4692,,,8.7294,8.6199,8.5133,8.7295,8.6202,9.3217,8.6201,8.5133,1.1602,8.5714,0.1016,22.9567,0.1099,74.9167,70.3833,224.584,0.2037,75.5,0,1644,5,0,24,38,149,17,26,19,2238,31041
87.1583,3,3,3,,,8.7249,8.6171,8.5088,8.7256,8.6174,9.2664,8.6175,8.509,20,10,0.01,20,0.01,80.05,47.3667,200,0.01,40,0,3430,4,0,11,30,341,30,16,13,9367,4002
93.0667,3,3,3,125.6667,99.3333,8.516,8.6226,8.7316,8.5141,8.6205,8.0194,8.6207,8.7297,20,,,,,68.5,62.5833,,,,,17641,9,0,7,30,1131,19,15,0,8851,82540
93.7333,1.5008,1.3426,1.1066,104.1767,98.8833,8.5173,8.6238,8.7326,8.5175,8.6239,8.0221,8.6235,8.7326,20,17.656,0.088,13.5754,0.2117,75.4,66.6,320.623,0.0575,40,0,15600,12,0,5,24,2007,15,0,0,2126,89073
91.2,4.1406,1.7576,1.4073,,,8.5145,8.621,8.73,8.5144,8.6206,8.0195,8.6205,8.7296,,16.9062,0.283,28.235,0.397,92.5833,84.6,256.155,0.2179,65.4,0,3025,13,0,403,167,190,43,293,0,1062,97084
90.2667,1.6334,1.068,1.0241,,,8.514,8.6204,8.7293,8.5141,8.6203,8.0193,8.6202,8.7293,15.13,17.2972,1.2959,28.9036,1.1515,88.3833,82.7167,256.194,0.3772,62.9,0,3003,24,0,586,188,164,53,405,0,1331,85001
89.3333,2.1758,2.8981,1.7857,122.6067,96.3883,8.7537,8.647,8.5373,8.8077,8.6972,9.4008,8.7128,8.6397,183.5,12.0371,0.1377,19.6209,0.2125,76.2667,66.65,170.814,0.3097,37.8,0,4105,11,0,34,38,575,20,34,42,14440,79226
87.9833,2.2033,1.7068,1.3636,86.2767,96.6717,8.7246,8.6167,8.5088,8.7246,8.6169,9.2645,8.617,8.509,29.7,11.9301,0.1584,19.8262,0.3757,56.4833,57.75,170.486,0.4402,95.2,0,4064,8,0,107,130,628,28,69,48,2569,60837
88.3917,2.5941,2.6507,2.1625,122.98,96.823,8.734,8.6187,8.5141,8.7295,8.6202,9.2654,8.617,8.5251,198.5,11.7936,0.1432,19.4937,0.2184,52.5333,61.6167,169.58,0.3273,24.9,0,1654,100,0,28,25,393,,,65,4781,67242
91.2,2.2479,1.4565,1.4444,122.4033,96.2407,8.7249,8.6178,8.5092,8.725,8.6171,9.2648,8.6172,8.5089,24.17,12.0387,0.1289,19.7637,0.2714,73.7667,79.3,171.708,0.4513,50.2,0,3463,8,0,426,249,519,30,296,32,921,74964
91.2,2.4,1.7619,1.3333,122.7,96.4887,8.7298,8.6226,8.5138,8.7247,8.6168,9.2647,8.617,8.5089,24.48,11.9234,0.149,19.8007,0.3424,86,73.8667,171.892,0.3568,0.3568,0,2552,13,0,420,277,344,35,278,27,1566,93849
90.2667,2.1505,1.407,1.1553,122.6933,96.371,8.7249,8.6174,8.5093,8.7249,8.6172,9.2646,8.617,8.5092,25.25,12.6261,0.139,20.3039,0.2368,87,57.6167,183.716,0.2359,92.2,0,6964,7,0,455,223,628,314,0,47,798,62348
82.8,2.6296,1.6506,1.239,122.2233,96.0613,8.7252,8.6171,8.5094,8.7253,8.6172,9.2648,8.6172,8.5093,26.3,12.6417,0.1247,20.0796,0.216,60.7333,90.3,185.958,0.2574,142.7,0,3169,17,0,927,265,231,640,0,20,596,81009
91.1917,2.9412,2.3889,2.3,122.83,96.588,8.725,8.6173,8.5091,8.7246,8.6168,9.2648,8.6175,8.5093,40.8,11.8975,0.137,19.7404,0.238,60.8667,60,190.696,0.5863,27.6,0,8711,5,0,266,210,754,26,189,64,804,70086
94.6583,3,3,3,70,78,8.7253,8.6176,8.5092,8.7259,8.6177,9.2671,8.6177,8.5093,20,10,0.01,20,0.01,60,61.8333,200,0.01,40,0,8147,9,0,310,188,454,26,212,85,1804,54017
91.9917,1.794,1.6909,1.8942,104.52,82.9573,8.7207,8.6182,8.5087,8.7216,8.6183,9.2636,8.6185,8.5087,18.26,8.2234,0.0714,14.7271,0.0931,59.6833,85.0167,171.586,0.3801,25,0,2191,5,0,23,33,165,16,23,0,17712,81026
92.7917,1.7276,1.4039,1.8922,104.14,82.6457,8.7267,8.6244,8.5141,8.7267,8.6243,9.2704,8.6244,8.514,22.34,8.2152,0.0763,15.0031,0.1133,55.5833,83.95,167.824,0.359,27.8,0,6795,8,0,55,77,342,21,39,14,3992,49803
88.3917,2.2623,1.8473,1.0945,122.9367,96.583,8.7251,8.6173,8.5094,8.7267,8.6189,9.2647,8.617,8.5088,28.26,12.1644,0.1407,20.1546,0.2986,58.2,63.3167,170.116,0.2983,32.9,0,10167,9,0,329,204,475,41,247,35,13511,5871
90.2667,2.1929,1.6612,1.1459,123.37,97.028,8.725,8.617,8.509,8.7302,8.6218,9.2668,8.62,8.5117,26.9,11.7689,0.1219,19.2789,0.3052,74.2,73.7667,171.684,0.2994,30.6,0,8952,8,0,325,169,408,59,257,29,8526,5597
100,3,3,3,,,8.7303,8.6225,8.5148,8.7303,8.6225,9.2692,8.6225,8.5148,20,3.1523,0.1993,3.5123,0.1968,81.6833,81.65,264.98,0.2518,4.3,10,7854,322,,407,483,178,276,255,734,4123,4651
89.3333,2.1667,1.5147,1.1154,122.2667,96.0903,8.7246,8.6166,8.5088,8.7253,8.6167,9.2647,8.617,8.5093,120.1,12.3506,0.1338,20.2423,0.2892,62.35,65.5333,168.598,0.4112,23.5,0,4828,7,0,378,216,519,26,268,31,2783,82290
89.3333,2.3333,1.5577,1.1033,123.2267,96.832,8.725,8.6171,8.5091,8.725,8.617,9.2647,8.617,8.509,52.44,12.2308,0.1117,20.1173,0.3137,80.7333,79.8333,171.946,0.3962,23,0,5672,7,0,311,199,631,25,221,63,2258,63558
81.8333,2.2708,2.2258,1.6729,100.0817,78.8223,8.7276,8.6191,8.5107,8.7303,8.6222,9.2704,8.6195,8.5111,14.63,9.0024,0.1573,9.0024,0.1399,48.8667,48.1667,192.052,0.1598,40.6,10,3271,12,0,504,223,290,80,374,15,32,0
100,2,2.6102,2.902,71.6336,56.637,8.738,8.628,8.526,8.738,8.628,9.281,8.628,8.527,17.18,9.6961,0.12,16.5711,0.16,65,65,172.37,0.38,65.1,0,2401,4,0,9,18,133,,,30,2008,22601
89.3333,1.5575,1.2922,1.3704,93.4007,73.949,8.724,8.6189,8.5136,7.7238,8.6187,9.2492,8.6185,8.5136,43.05,9.9766,0.1003,23.2343,0.1334,70.2333,60.6167,231.64,,38,0,7259,8,0,85,99,202,8,46,49,1294,4219
90.2667,1.6524,1.3947,1.4184,91.994,72.8373,8.7238,8.6183,8.5131,8.7234,8.6189,9.2492,8.6185,8.5132,52.47,10.2516,0.1265,21.9348,0.1559,75.05,62.1167,207.394,0.1632,38.6,0,9477,10,0,170,162,165,16,105,39,4438,5705
86.5167,1.263,1.3152,1.2353,91.7383,72.761,8.7283,8.6189,8.5137,8.7238,8.6188,9.2493,8.6185,8.5135,59.65,10.1952,0.162,21.8521,0.1983,47.7833,62.35,203.69,0.2967,35.45,0,7097,,80,,,308,,1234,529,7242,72102
96,3,3,3,92.6667,73.6667,8.7303,8.6225,8.5148,8.7303,8.6225,9.2692,8.6225,8.5148,20,6.3633,0.1274,6.3633,0.1274,84.05,81.4667,,,118.8,1,6732,32,0,206,217,741,68,139,0,3956,82538
98.125,3,3,3,92,73,8.7303,8.6225,8.5148,8.7303,8.6225,9.2692,8.6225,8.5148,20,10,0.01,20,0.01,50.2167,65.3,200,0.01,40,0,8478,10,0,180,176,382,33,108,37,1588,82639
94.5167,3,3,3,92,73,8.7303,8.6225,8.5148,8.7303,8.6225,9.2692,8.6225,8.5148,20,10,0.01,20,0.01,60,60,200,0.01,40,0,9121,11,0,202,197,375,62,125,128,237,89898
89.05,1.7351,1.3925,1.8793,92.1477,73.198,8.7316,8.6263,8.521,8.7316,8.6269,9.258,8.626,8.5208,33.78,10.0657,0.1051,20.0528,0.1261,49.5667,86.6,204.585,0.3302,51.3,10,8350,10,0,98,158,286,58,0,58,2803,74468
89.3333,1.6369,1.6532,1.2674,91.1857,72.2677,8.724,8.6194,8.5138,8.7242,8.619,9.2517,8.6205,8.5161,97.83,10.405,0.1419,22.2032,0.1825,61.1,70.45,227.442,0.3153,25.5,0,6078,15,0,125,142,332,31,82,0,9872,87865
80.75,1.101,1.0605,1.1129,91.9207,72.7943,8.7235,8.6191,8.5135,8.7237,8.6187,9.249,8.6186,8.5231,69.64,10.4319,0.2047,23.5241,0.2649,35.55,39.3167,227.891,0.1366,68.5,0,11485,54,0,48,70,490,43,42,0,6704,80388
89.3333,3.1209,1.7977,2.6588,100.7933,78.4403,8.7247,8.6165,8.509,8.724,8.6166,9.2643,8.6168,8.5087,52.51,10.3369,0.1396,18.5255,0.1872,79.6833,82.05,,,63.4,0,6470,28,0,541,257,284,50,338,37,7930,96447
88.6667,1.3107,1.27,1.2462,87.6197,69.865,8.7236,8.617,8.5101,8.7238,8.6171,9.2566,8.6168,8.5104,23.96,7.6354,0.4787,15.6869,0.781,77.3833,88.8833,264.241,0.1494,104,0,8600,17,0,448,253,330,37,290,0,1068,66891
100,2,2.6102,2.902,71.6336,56.637,8.738,8.628,8.526,8.738,8.628,9.281,8.628,8.527,17.18,9.6961,0.12,16.5711,0.16,65,65,172.37,0.38,65.1,0,1643,12,0,233,132,336,33,199,20,586,70726
91.2,2.0833,1.4643,2,97.905,76.1773,8.7256,8.6183,8.5105,8.7257,8.6182,9.2632,8.6182,8.5106,15.57,12.3351,0.1017,22.294,0.1868,80.3167,96.8,257.754,0.2411,43.8,0,2271,8,0,24,20,143,42,30,0,1236,3481
91.2,2.0202,1.8036,1.306,98.419,76.6133,8.7252,8.6182,8.5104,8.7256,8.6179,9.263,8.6183,8.5104,61.73,12.0962,0.1074,22.3899,0.2862,88.8833,64.65,256.225,0.1099,40.8,0,2584,9,17,60,66,42,49,55,0,9170,4126
88.3917,2.2857,1.8872,1.7982,98.1543,76.397,8.726,8.6188,8.5113,8.7446,8.6357,9.2631,8.6174,8.5099,19.48,12.1882,0.1104,21.9216,0.3491,74.95,56.3167,261.333,0.1158,40.56,0,1535,13,16,226,82,31,48,156,14,3620,5382
89.3333,1.5144,1.2948,1.4754,95.9753,75.469,8.7344,8.626,8.5177,8.7316,8.619,9.2912,8.6182,8.5102,25.45,10.3932,0.0872,24.206,0.121,68.9667,62.3667,196.748,0.2546,50.2,0,4677,18,0,0,10,398,16,0,0,10085,76953
92.8,2.25,1.4385,1.4157,95.4567,74.9497,8.7316,8.6253,8.5178,8.7263,8.6178,9.2833,8.6308,8.524,85.52,10.3455,0.0954,22.5369,0.1049,76.2167,76.5833,190.05,0.297,49.9,0,4152,8,0,8,33,194,16,15,0,6491,40551
92.8,1.3947,1.3253,1.6667,95.3773,74.8967,8.7342,8.6254,8.5167,8.734,8.6253,9.2777,8.6253,8.5166,50.48,10.5952,0.1217,21.9529,0.1315,74.4,77.35,205.338,0.2446,48.7,10,5192,9,0,8,25,229,16,0,0,2988,44530
91.0667,1.031,1.243,1.4839,92.838,75.111,8.7341,8.6254,8.5167,8.7413,8.6326,9.2777,8.6252,8.5165,61.53,10.4767,0.1348,,,66.0333,86.6,204.342,0.2604,60.6,10,8539,8,0,24,53,269,23,0,21,4523,58017
100,2,2.6102,2.902,71.6336,56.637,8.738,8.628,8.526,8.738,8.628,9.281,8.628,8.527,17.18,9.6961,0.12,16.5711,0.16,65,65,172.37,0.38,65.1,0,8960,9,0,7,27,69,31,0,0,2332,2653
85.5833,1.5528,1.4912,1.3958,95.1997,74.733,8.7197,8.6106,8.5019,8.7184,8.6102,9.2686,8.6178,8.5093,65.68,10.5205,0.1094,22.378,0.153,55.7833,52.5667,202.704,0.1636,39.7,0,3349,5,0,3,16,243,0,0,0,19726,4959
83.8417,2.4762,2.0167,1.4737,101.6367,78.8187,8.7263,8.6176,8.5094,8.7267,8.6178,9.269,8.6179,8.5096,36.34,10.5733,0.2053,19.9752,0.2181,49.7,50.25,196.827,0.1678,119.7,0,8954,7,0,299,143,313,32,210,15,12540,5435
83.5833,2.0822,1.5177,1.6319,101.1567,78.428,8.7261,8.618,8.5093,8.7267,8.6178,9.269,8.618,8.5096,23.09,10.6617,0.1183,20.0036,0.2324,80.1833,42.35,171.355,0.4279,102.9,0,10865,10,0,416,217,319,37,293,16,6188,5309
80.5333,1.3699,1.1496,1.2556,88.7188,69.6786,8.7155,8.6075,8.4996,8.7156,8.6079,9.2553,8.6077,8.4996,15.75,9.6129,0.2068,18.6266,0.1899,66.8167,69.475,175.998,0.3124,63.6,0,11285,56,0,305,177,440,59,122,241,2266,74838
91.0583,1.2838,2,1.4163,91.761,72.0677,8.7159,8.6081,8.4999,8.7158,8.6081,9.2559,8.608,8.5002,23.66,9.5509,0.1833,18.1065,0.3064,54.5,69.2333,175.549,0.215,79.3,0,7550,13,0,103,85,436,21,62,328,1971,57295
87.45,1.9063,1.4368,1.479,98.558,76.6727,8.733,8.6213,8.5177,8.7178,8.6102,9.2721,8.6256,8.5179,37.59,12.499,0.1646,22.3923,0.3743,56.4833,57.75,242.836,0.1741,49.6,0,403,3,0,17,16,119,16,21,0,1056,12387
94.6667,1.8812,1.35,1.6351,97.9993,76.3343,8.7261,8.6189,8.5111,8.7261,8.6187,9.2633,8.6184,8.5107,27.16,12.6858,0.1452,22.8733,0.275,77.3833,82.9,257.435,0.2209,32,0,1383,4,0,19,16,142,29,26,0,16564,69176
89.3333,2.3096,1.6977,1.8594,98.0283,76.1083,8.728,8.6204,8.5127,8.7281,8.6203,9.2661,8.6203,8.5126,30.7,12.4842,0.1288,21.9123,0.201,66.3833,96.1667,257.074,0.2186,80.7,0,1300,7,0,195,86,23,33,142,0,2040,77598
100,3,3,3,,,8.7303,8.6225,8.5148,8.7303,8.6225,9.2692,8.6225,8.5148,20,5.9297,0.1433,5.9297,0.1413,68.9833,79.6667,178.324,0.3744,36.9,10,1398,7,0,184,85,31,33,138,0,2238,85957
93.8667,1.6886,1.5287,1.6311,98.338,76.5263,8.7256,8.6181,8.5103,8.7256,8.6181,9.2634,8.6186,8.5109,22.34,12.4878,0.1248,22.1003,0.2255,82.8333,61.4833,260.859,0.3487,73.1,0,2820,5,0,205,82,40,48,166,0,1701,4114
84.3333,1.6429,1.4983,1.1505,98.3847,76.5893,8.7268,8.6195,8.5116,8.727,8.6199,9.2654,8.6193,8.5121,19.43,12.4784,0.1027,,0.1793,81.0333,86.6,,,36.4,10,3371,6,0,252,115,59,26,186,0,3613,64482
81.8333,1.2383,1.1005,1.2205,90.821,71.4243,8.7162,8.6082,8.5002,8.7165,8.6084,9.2563,8.6084,8.5001,28.12,9.6575,0.1457,18.7655,0.621,71.1833,67.6833,176.831,0.3953,26.2,0,12726,11,0,98,88,329,28,60,8,6606,5573
89.3333,1.2171,1.123,1.2143,90.9,71.4617,8.716,8.6084,8.5005,8.7166,8.6086,9.2559,8.6082,8.5005,25.43,9.6387,0.2252,18.6165,0.5505,72.8167,66.1667,178.157,0.3531,171.2,0,13417,10,0,186,104,260,50,119,56,9524,5754
89.1917,1.2324,1.0635,1.1654,91.8623,72.254,8.7202,8.6122,8.5038,8.7206,8.6123,9.2611,8.6119,8.5038,30.06,9.5447,0.3683,18.7117,0.3683,75.3,57.0667,174.505,0.3814,35.2,0,,,,,,,,,,,
93.8667,1.2148,1.1143,1.8138,90.928,71.5167,8.7219,8.6139,8.5057,8.7199,8.6113,9.2604,8.6117,8.5033,29.63,9.6709,0.1766,20.0057,0.6049,78.2833,77.4333,178.315,0.399,52,0,,,,,,,,,,,
85.4417,1.2926,1.1962,1.3278,90.711,71.2203,8.7153,8.6074,8.4995,8.7155,8.6074,9.2548,8.6075,8.4992,16.47,9.807,0.1826,18.7839,0.1885,78.0667,28.9333,176.739,0.1863,17.1,0,12806,9,0,179,139,423,20,105,254,2470,74326
82.85,1.4301,1.2249,0,90.223,70.8287,8.7154,8.6073,8.4995,8.7152,8.6074,9.2555,8.6079,8.4997,32.2,10.004,0.1954,18.3374,0.6137,67.2167,46.4167,177.508,0.188,78.1,0,11372,5,0,179,110,336,7,112,2229,3538,4699
85.5667,3,3,3,90.6667,71,8.7361,8.6287,8.5208,8.7359,8.6281,0.2744,8.6283,8.5201,20,7.0854,0.3084,7.0856,0.3059,41.6167,42.95,259.903,0.2095,42.5,10,16524,8,0,84,70,234,20,54,279,2285,31785
87.325,1.1413,1,2,90.6973,71.3027,8.7178,8.6099,8.5018,8.7172,8.6095,9.2585,8.6009,8.5008,35.16,9.6653,0.1286,,,74.6667,59.15,178.56,0.1843,36.6,0,14391,116,0,187,166,382,89,126,83,253,4527
91.7333,1.3533,1.5714,1.1212,91.6197,72.0007,8.7157,8.6079,8.5,8.7158,8.6077,9.2554,8.6079,8.4998,42.4,3.7635,0.2944,12.7161,0.5929,72.8333,64.4333,175.89,0.4055,34.5,0,14680,23,5,383,127,229,37,166,139,6171,5026
89.3333,1.3571,1.1297,1.2978,73.2677,73.2263,8.7161,8.6084,8.5003,8.7162,8.6083,9.2561,8.6081,8.5002,20.93,9.667,0.1641,18.4462,0.3129,86.55,94.5167,174.859,0.3959,15.7,0,12018,10,0,307,114,273,15,114,150,13397,5495
92.9333,1.3659,1.1283,1.2841,90.9717,71.4643,8.7161,8.6083,8.5003,8.716,8.6083,9.2561,8.6082,8.5001,19.65,9.7883,0.1825,19.2264,0.4309,77.3,89.5833,172.552,0.4062,43.2,0,11854,10,0,307,110,330,15,118,174,8852,5519
92.8,2.5878,1.781,2.5297,98.8813,77.0463,8.7264,8.6186,8.511,8.7265,8.6191,9.2632,8.6182,8.5106,15.28,12.2582,0.1888,22.0327,0.24,69.3667,64.1833,236.621,0.3713,45.4,0,529,3,0,12,13,210,20,23,0,12693,63295
92.1333,2.0493,1.586,2.6602,99.1043,77.2157,8.7262,8.6188,8.5112,8.7261,8.6187,9.2634,8.6184,8.5109,13.06,12.4189,0.1684,22.5443,0.225,88.0167,63.6167,251.086,0.2534,46.6,0,443,3,0,15,9,92,0,20,0,11043,55688
100,3,3,3,95,74.3333,8.7303,8.6225,8.5148,8.7303,8.6225,9.2692,8.6225,8.5148,20,10,0.01,20,0.01,64.3167,74.3167,200,0.01,40,0,9077,5,0,6,32,349,20,31,18,10838,90565
89.3333,0.8204,1.6534,1.5905,97.3667,76.3167,8.7135,8.605,8.4962,8.7124,8.6047,9.2569,8.6046,8.4965,19.42,9.9548,0.0763,9.9548,0.0885,83.8333,83.8333,193.562,0.4752,20.9,10,7350,9,0,3,12,186,45,25,0,14826,4950
93.0667,2,2.6994,4.1818,83.9148,65.3227,8.719,8.61,8.501,8.719,8.61,9.263,8.623,8.515,14.223,13.6787,0.16,21.1271,0.19,70.6,66.95,172.07,0.38,53.9,0,8422,82,0,3,12,1078,8,11,16,15102,5087
93.7333,1.3588,1.5102,1.2464,96.438,75.2017,8.7115,8.604,8.4954,8.7122,8.6038,9.2525,8.6037,8.4949,83.71,13.4187,0.0883,21.1933,0.1287,82.45,69.0333,174.896,0.3818,19.9,0,10457,5,0,6,29,202,20,39,0,1784,63381
87.4583,1.6069,1.5403,1.2743,97.79,76.2333,8.7201,8.6118,8.5042,8.7211,8.6124,9.2616,8.6116,8.8035,19.6,9.6473,0.1377,16.3218,0.2044,57.5833,86.6,,,56.3,10,2955,12,0,0,2,244,0,0,0,7313,31776
90.2667,1.5,1.2387,1.2695,94.2723,73.9957,8.7219,8.6138,8.5053,8.7227,8.6138,9.2635,8.6139,8.5056,36.83,9.4829,0.1179,16.3189,0.1793,68.3,74.4667,248.909,0.2395,61.7,0,4774,17,0,4,12,777,30,0,0,24140,98633
87.4583,1.4219,1.3527,1.4839,93.7653,73.564,8.7196,8.6113,8.5031,8.7195,8.6113,9.2604,8.6116,8.5032,23.63,9.5758,0.095,16.3964,0.1579,58,78.25,252.848,0.2684,40.7,0,5651,25,0,5,21,499,26,0,41,6871,56351
96.25,2,2.6102,2.902,71.6336,56.637,8.738,8.628,8.526,8.738,8.628,9.281,8.628,8.527,17.18,9.6961,0.12,16.5711,0.16,63.2333,57.7083,172.37,0.38,65.1,0,6034,27,0,7,23,850,30,15,58,13058,81604
92.1333,1.6,2.5294,3.4773,96.7733,75.9867,8.725,8.616,8.508,8.724,8.616,9.266,8.616,8.508,16,9.6168,0.14,16.1495,0.14,80.7833,71.9333,252.35,0.027,88.8,0,8194,24,0,12,34,833,58,17,0,10147,5237
89.3333,1.2035,1.1169,1.2818,87.7253,69.957,8.7237,8.6172,8.5106,8.7239,8.6172,9.257,8.6171,8.5103,20.37,7.6746,0.255,15.3522,0.2444,91.45,84.95,263.048,0.2137,42.7,,6650,307,0,511,590,280,323,268,212,9755,93214
85.5833,1.2545,1.1705,1.2761,87.542,69.7917,8.7234,8.617,8.5101,8.7262,8.6198,9.2594,8.6196,8.5132,18.85,7.7319,0.3571,16.248,0.3567,55.65,54.7667,263.862,0.3075,18.1,0,,10,0,362,188,300,45,256,8419,1637,4434
88.4,1.1827,1.1976,1.2857,87.514,69.8047,8.7233,8.6166,8.51,8.7234,8.6171,9.2569,8.6168,8.5102,29.05,7.6405,0.4431,15.6612,0.5352,60.6333,84.2333,263.958,0.5413,234.8,,12024,8,0,267,141,111,36,196,168,1628,2242
87.3167,1.126,1.0891,1.3401,87.9427,70.1317,8.7337,8.6271,8.5201,8.7308,8.6238,9.2649,8.6238,8.517,28.56,3.6764,0.1771,3.6768,0.1768,46.3333,65.35,262.3,0.4696,12.9,10,11421,374,0,515,510,194,448,283,2077,,5262
92.9333,1.3008,1.1752,1.3291,87.6287,69.8563,8.7235,8.6167,8.5103,8.7233,8.6168,9.2757,8.6358,8.5292,15.13,7.6586,0.2273,14.5456,0.2156,69.15,60.3667,263.087,0.2206,21.2,0,644,0,0,69,6,10,16,103,0,4817,17360
85.575,1.313,1.1794,1.2904,87.399,69.6727,8.7273,8.6206,8.5137,8.727,8.6201,9.2601,8.6201,8.5135,20.36,7.6794,0.2733,14.5242,0.2503,36.5667,62.6667,260.67,0.3189,27.1,0,15041,10,0,323,162,136,45,235,1054,701,3490
89.1917,1.1888,11.5405,1.1145,88.023,70.18,8.7233,8.6167,8.5101,8.7238,8.617,9.2567,8.6169,8.5102,35.59,7.5691,0.2105,15.5659,1.0793,82.8167,57.25,262.224,0.2196,34,0,11622,9,0,401,181,147,39,287,62,13059,6134
90.9083,3,3,3,56.3333,64,8.7303,8.6225,8.5148,8.7303,8.6225,9.2692,8.6225,8.5148,20,10,0.01,20,0.01,86.2667,,200,0.01,40,0,1420,10,0,337,148,316,31,217,0,6520,94340
96.5333,3,3,3,56.3333,64,8.7303,8.6225,8.5148,8.7303,8.6225,9.2692,8.6225,8.5148,20,10,0.01,20,0.01,83.5833,76.3333,200,0.01,40,0,1634,8,0,299,123,246,28,198,0,1599,46829
96.5333,3,3,3,56.3333,64,8.7303,8.6225,8.5148,8.7303,8.6225,9.2692,8.6225,8.5148,20,10,0.01,20,0.01,85.35,89.0167,200,0.01,40,0,2838,7,0,372,175,315,28,246,74,1434,48167
91.05,3,3,3,90,70,8.7303,8.6225,8.5148,8.7303,8.6225,9.2692,8.6225,8.5148,20,10,0.01,20,0.01,60,60,200,0.01,40,0,4677,9,0,294,138,151,,,523,392,66351
89.8333,1.6724,1.5229,1.9713,97.1033,76.3293,8.7341,8.6253,8.5166,8.7333,8.6248,9.2685,8.6178,8.5093,15.13,10.112,0.1093,23.4487,0.1097,78.8167,66.25,206.274,0.3772,49,0,7499,22,0,4,20,697,16,0,0,2958,84632
88.3917,1.4928,1.2707,1.0831,87.1853,69.3903,8.6076,8.5004,8.3926,8.7235,8.6169,9.2572,8.6172,8.5106,22.05,,,,,77.45,56.9667,258.6,0.1341,,0,6741,9,0,268,225,380, , ,52,903,72525
89.0667,1.2791,1.1336,1.205,88.781,70.7783,8.7265,8.6192,8.5126,8.7261,8.6192,9.2603,8.6196,8.5123,26.21,7.3562,0.1829,15.1055,0.3251,80.85,62.1667,260.21,0.5337,133.3,0,9918,9,0,268,242,463, , ,51,1031,62858
96.25,2,2.6102,2.902,71.6336,56.637,8.726,8.62,8.512,8.726,8.62,9.26,8.619,8.512,17.18,9.6961,0.12,16.5711,0.16,93.9,83.7833,172.37,0.38,65.1,0,3454,10,0,276,170,276,49,187,9,7246,5678
82,1.3161,1.1917,1.1837,89.151,71.1033,8.7248,8.6179,8.5112,8.7249,8.6182,9.2584,8.618,8.5116,36.15,7.4624,0.3925,15.3883,0.8307,83.75,64.4333,266.797,0.3027,81.6,0,4792,11,0,282,164,271,51,190,33,6006,6276
89.3333,2.3574,1.6823,1.0613,98.15,77.203,8.7229,8.6146,8.506,8.7227,8.6141,9.264,8.6148,8.5056,56.6,13.3996,0.1239,22.0871,0.4007,86.7833,77.3167,179.996,0.4571,65.9,0,2974,8,0,174,96,0,61,137,8,10276,5746
89.3333,2.0874,1.4808,1.6099,99.9387,78.6537,8.7225,8.6143,8.5059,8.7222,8.6135,9.2636,8.6141,8.5057,21.39,13.0639,0.1027,22.0973,0.3402,86.85,86.3333,173.659,0.3999,41.6,0,2618,7,0,281,110,120,17,199,13,6187,5132
89.3333,1.4889,1.4119,1.7808,96.8027,76.2236,8.7199,8.6118,8.5036,8.7198,8.6118,9.2604,8.6116,8.5036,38.48,12.7205,0.1841,21.3266,0.1511,72.5833,73.0667,312.822,0.2136,75.4,0,7553,9,0,324,174,336,62,230,26,18167,0
92.1333,2.3571,1.5077,1.7059,96.9143,76.2677,8.7229,8.6143,8.506,8.7224,8.6136,9.2638,8.6141,8.5058,25.17,12.358,0.1228,20.789,0.1264,70.0667,88.15,,,74.5,0,2797,6,0,3,10,621,0,37,0,8637,3226
92.1333,1.6623,1.2818,1.52,97.4613,76.8307,,,,,,,,,68.51,12.2717,0.1208,21.2846,0.1545,85.5167,81.8833,310.941,0.39,86.9,0,2698,6,0,298,137,260,27,206,30,13444,95861
92.1333,1.794,1.4086,1.5596,97.1513,76.5897,8.7204,8.612,8.504,8.7717,8.6506,9.2611,8.6125,8.5043,68.51,12.3055,0.1229,21.7673,0.1482,86.75,90.3667,312.572,0.4326,92.6,0,2824,6,0,234,112,243,26,166,26,5921,67753
92.8,1.3836,1.3945,1.0682,92.5387,73.587,8.7168,8.6117,8.5066,8.7168,8.6117,9.2421,8.6115,8.5064,21.84,10.2714,0.1101,16.9531,0.1343,80.85,77.5,175.949,0.4445,74.5,0,5501,5,0,5,23,1035,17,27,0,1905,48134
92.8,1.4391,1.4606,1.0909,93.1033,73.9923,8.717,8.612,8.5067,8.7295,8.6142,9.2425,8.6117,8.5067,14.62,10.3131,0.1233,17.2446,0.1292,87.95,76.6667,172.215,0.3828,34.2,0,7608,7,0,7,29,614,19,27,20,6366,76752
93.7333,1.5559,1.479,1.3256,92.621,73.586,8.7166,8.6115,8.5063,8.7165,8.6115,9.2425,8.6115,8.5067,22.68,10.2695,0.1088,17.0759,0.1196,88.75,66.95,174.349,0.6409,75.5,0,5669,5,0,5,24,727,2,3,0,4907,61393
93.7333,2.0455,1.3043,1.4389,93.1297,74.0333,8.7167,8.6119,8.5066,8.7167,8.6117,9.2427,8.6123,8.5071,16.47,10.2156,0.0827,16.8133,0.131,85.5167,76.8167,171.908,0.3827,27.2,0,3520,4,0,4,17,1204,16,21,0,2613,47124
91.0667,1.1743,1.1481,1.1312,95.9153,75.876,8.7237,8.6184,8.5131,8.724,8.6186,9.2506,8.6188,8.5136,19.28,6.643,0.0922,6.643,0.0921,67.4667,99.8333,171.986,0.3411,34,10,8763,11,0,8,33,599,4,7,0,3768,81988
89.3333,1.4215,1.2036,2.1,93.4953,74.3143,8.7168,8.6117,8.5067,8.7167,8.6117,9.24,8.6116,8.5066,36.68,10.1387,0.1278,17.1144,0.2331,79.9,83.3667,173.294,0.2005,51.81,0,5072,3,0,3,15,572,0,59,10,13407,5190
94.6583,3,3,3,93.0383,73.96,8.717,8.6118,8.5067,8.7172,8.6122,9.2424,8.612,8.5067,25.15,10.2266,0.1072,17.4651,0.2936,57.55,86.0167,171.549,0.432,71.7,0,3049,3,0,3,14,1162,0,19,0,3491,35180
92.8,1.4702,1.7349,1.2143,93.1407,74.0317,8.7169,8.6118,8.5067,8.7167,8.6119,9.2422,8.6118,8.5067,22.56,10.1983,0.1029,16.9084,0.1269,79.35,74.8167,178.697,0.3408,41.5,0,5555,10,0,5,42,1949,15,20,0,12173,91990
100,2,2.6102,2.902,71.6336,56.637,8.7353,8.6265,8.5184,8.7357,8.6264,9.2794,8.6271,8.5184,17.18,6.0353,0.1418,6.0354,0.1413,93.45,61.0167,175.104,0.4081,18,10,6703,8,0,351,223,518,30,240,36,1709,53616
81.3333,3.0218,1.4715,1.1865,96.0383,75.5743,8.72,8.6116,8.5034,8.7197,8.6118,9.2609,8.612,8.5039,80.24,13.3621,0.1452,21.5195,0.1463,81.9167,75.1,313.372,0.3614,159,0,6802,6,0,279,154,278,50,214,20,1237,3639
90.2667,2.0732,1.3247,1.4839,95.9887,75.5177,8.7091,8.606,8.4996,8.7201,8.6118,9.2608,8.6119,8.5038,118.9,13.3535,0.1235,21.9503,0.1369,88.05,64.2,309.267,0.4561,81,0,8603,5,0,334,152,359,48,255,16,2623,3137
84.1333,2.2381,1.871,1.8571,96.543,75.986,8.7198,8.6119,8.5036,8.7201,8.6118,9.2606,8.6121,8.5035,80.12,12.405,0.1419,21.4408,0.2105,90.25,95.9833,313.514,0.3561,157.1,0,7344,63,0,298,211,384,82,238,19,1603,5303
100,2,2.6102,2.902,71.6336,56.637,8.738,8.628,8.526,8.738,8.628,9.281,8.628,8.527,17.18,9.6961,0.12,16.5711,0.16,65,65,172.37,0.38,65.1,0,5985,27,0,718,238,271,59,559,31,2383,83027
100,2,2.6102,2.902,71.6336,56.637,8.738,8.628,8.526,8.738,8.628,9.281,8.628,8.527,17.18,9.6961,0.12,16.5711,0.16,65,65,172.37,0.38,65.1,0,3021,18,0,410,135,408,44,328,0,1494,82659
96,3,3,3,96.3333,75.6667,8.7303,8.6225,8.5148,8.7303,8.6225,9.2692,8.6225,8.5148,20,10,0.01,20,0.01,61.1,70.0667,200,0.01,40,0,1958,13,0,500,145,189,385,0,0,1523,77172
94.125,3,3,3,95.6667,75.3333,8.7303,8.6225,8.5148,8.7303,8.6225,9.2692,8.6225,8.5148,20,10,0.01,20,0.01,61.2667,56.2667,200,0.01,40,0,2450,23,0,942,202,335,966,0,0,1664,96518
87.1917,3,3,3,95.6667,75.3333,8.738,8.6304,8.5213,8.7385,8.6306,9.2781,8.6301,8.8221,20,10,0.01,20,0.01,89.2833,57.9167,200,0.01,40,0,3592,16,0,737,199,411,763,0,21,3601,90228
91.0667,1.2809,1.17,1.4688,89.2457,71.0657,8.7246,8.6179,8.5112,8.7245,8.618,9.258,8.6184,8.5113,25.54,,,,,90.0333,78.55,,,,,7990,11,0,204,259,723,128,0,30,1867,99186
84.4,1.2901,1.0663,1.2376,88.5887,70.6023,8.728,8.6207,8.5141,8.7278,8.6212,9.2623,8.6212,8.5143,29.27,7.3208,0.0691,7.3208,0.0689,99.1833,95.6167,,,,10,6227,10,0,334,222,295,235,0,34,2171,66618
94.375,3,3,3,87.6667,70,8.736,8.6278,8.5206,8.7358,8.6281,9.2743,8.6278,8.5203,20,5.9223,0.1184,5.9224,0.1177,79.2167,84.4333,,,79.5,10,5190,127,0,449,467,576,187,273,47,156,91735
87.3167,1.3558,1.5747,1.3125,88.3697,70.3467,8.7238,8.6173,8.5106,8.7242,8.6177,9.2523,8.6172,8.5107,26.68,,,,,51.6833,57.1167,,,,,10773,133,0,265,270,978,176,18,318,710,75448
88.3833,1.5,1.3235,1.7711,97.524,76.618,8.7401,8.6377,8.5241,8.7386,8.6429,9.2975,8.647,8.5335,41.92,3.7629,0.1798,3.7628,0.1792,57.05,50.5,,,36.1,10,5084,8,0,333,103,138,47,310,13,4682,3888
96.4,1.587,1.5217,1.2548,97.1767,76.287,8.729,8.621,8.5134,8.7289,8.6212,9.2675,8.6211,8.5132,59.01,,,,,73.7,73.8167,,,,,3998,34,0,369,133,153,72,306,9,7677,5064
92.8,1.3805,1.3045,2.3333,96.5723,75.8203,8.7291,8.6212,8.5135,8.7289,8.6216,9.2672,8.6207,8.5131,21.8,,,,,86.25,60.0833,,,,,2324,9,0,397,137,180,26,324,0,1970,75133
86.6667,1.587,1.2977,1.6438,96.8283,76.0257,8.7286,8.6207,8.513,8.7287,8.621,9.2672,8.621,8.5132,108.8,6.969,0.0877,6.9689,0.0779,98.2,88.3,175.536,0.4093,30.9,10,4634,31,0,890,292,560,85,985,52,132,102
87.3167,1.4764,1.1495,1.3434,97.0137,76.1173,8.7282,8.6204,8.5127,8.728,8.6206,9.2669,8.6206,8.5128,27.68,10.7435,0.0626,19.9182,0.0768,60,60,174.192,0.3748,34,0,4893,18,0,623,174,184,31,481,8,5987,4772
92.8,1.5504,1.2757,1.5115,92.3518,72.4746,8.7289,8.6209,8.5134,8.7287,8.6211,9.2671,8.6211,8.5132,55.31,7.0894,0.0853,7.0896,0.0688,94.7667,64.3167,178.281,0.213,30.4,10,4447,27,0,265,122,211,56,201,32,3107,5211
89.3333,1.5638,1.3452,1.8784,94.7713,74.625,8.7323,8.6243,8.5165,8.7318,8.6234,9.2718,8.6239,8.5163,21.31,10.8671,0.0803,19.822,0.0781,71.8333,64.05,176.805,0.3968,37.6,0,4198,6,0,104,63,118,42,89,21,3718,2999
94.6667,1.4048,1.2623,1.3429,93.855,73.8393,8.7315,8.6234,8.515,8.7313,8.6236,9.2713,8.6242,8.5159,96.46,10.9949,0.0808,20.6241,0.0921,68.7833,66.45,176.374,0.3911,37,0,8686,25,0,100,65,125,22,79,33,6633,3750
89.3333,1.7822,1.2964,2.4091,94.09,74.0253,8.737,8.6289,8.5221,8.7362,8.6283,9.276,8.6281,8.5202,28.62,6.2643,0.1431,,,64.1667,79.1167,177.597,0.401,48.2,10,7830,6,0,13,44,144,39,23,23,17315,5085
91.0583,1.4,1.2344,1.3529,93.4937,73.516,8.7316,8.6238,8.5156,8.7313,8.6237,9.2715,8.6237,8.5162,105,11.0138,0.0954,19.7308,0.0907,80.2667,59.45,171.603,0.3602,82.7,0,7696,6,0,76,83,162,13,53,35,9901,4774
90.2667,1.4042,1.0978,1.3816,93.3863,73.4077,8.7287,8.6209,8.5132,8.7292,8.6213,9.267,8.6204,8.5131,37.09,11.147,0.0986,18.694,0.1413,77.8833,81.7,172.577,0.3498,33.4,0,3527,3,0,44,27,65,0,83,0,2681,1813
90.625,2,2.6102,2.902,71.6336,56.637,8.738,8.628,8.526,8.738,8.628,9.281,8.628,8.527,17.18,10.8977,0.0912,19.578,0.0895,46.1167,51.6333,171.541,0.1902,41.41,0,3915,5,0,122,75,145,17,92,0,2950,40073
92.9333,2.4074,1.2903,1.5948,93.291,73.3313,8.7287,8.6208,8.5132,8.7283,8.6206,9.2612,8.621,8.5131,144.3,10.8708,0.0863,20.0927,0.08,67.75,69.9167,171.48,0.4062,66.5,0,4265,8,0,177,123,320,20,113,0,670,46766
81.8333,0.4709,0.233,0.4444,93.3243,73.3823,8.7287,8.6207,8.5134,8.7286,8.6206,9.2674,8.621,8.5133,21.13,10.9209,0.0883,20.2021,0.0932,50,60.55,173.857,0.4032,65.8,0,4552,8,0,49,94,158,18,34,18,14967,93842
89.3333,2.278,1.7045,1.8249,94.4123,74.2917,8.7286,8.621,8.513,8.724,8.6209,9.267,8.6213,8.5131,15.48,10.8175,0.0691,20.2853,0.0661,82.3333,70,173.259,0.3958,31.1,0,3737,6,0,60,61,247,18,50,0,7178,57699
89.3333,1.7414,1.25,1.3959,93.403,73.4763,8.7286,8.6208,8.5132,8.7293,8.6214,9.2672,8.6204,8.5127,24.05,10.5796,0.0717,19.3031,0.0736,76.0333,76.45,171.102,0.3668,39.4,0,5844,8,0,61,106,279,41,0,24,3601,55752
91.0667,1.458,1.171,1.2712,92.934,73.0673,8.7281,8.6204,8.5129,8.7281,8.6204,9.2673,8.621,8.5132,24.02,6.9586,0.0565,6.9586,0.0649,66.1667,69.1,170.086,0.3718,40.7,10,7091,7,0,41,90,265,30,0,0,3771,42989
83.0667,1.4746,1.1824,1.3008,93.823,73.7827,8.7288,8.6209,8.5135,8.7285,8.621,9.267,8.6206,8.513,25.38,10.6038,0.0834,19.7422,0.1002,68.75,86.5833,170.977,0.3748,42.3,0,,,,,,,,,,,
85.4333,1.4454,1.1829,1.3464,94.3663,74.223,8.7284,8.6206,8.5127,8.7287,8.621,9.2669,8.6206,8.5127,44.53,12.3133,0.1049,22.7143,0.1295,27.6667,55.3833,259.941,0.1198,44.36,0,4250,4,0,92,55,100,6,72,0,5967,2540
92,1.6038,1.9242,1.6477,94.811,74.5963,8.7283,8.6205,8.5129,8.7285,8.6212,9.2681,8.6218,8.514,110.6,12.2119,0.1012,22.2893,0.1386,89.5333,86.6,257.378,0.1239,44.55,0,2895,6,0,82,56,155,17,62,0,2666,43026
93.8667,1.7091,1.6693,1.7493,96.113,74.2983,8.7381,8.6296,8.5216,8.7372,8.6298,9.2763,8.6276,8.5189,145.7,10,0.01,20,0.01,89.5333,78.6167,200,0.01,40,0,4036,7,0,143,86,296,23,103,0,9486,84431
89.3333,2.7218,8.2935,6.1636,101.8267,79.9163,8.7339,8.6263,8.5189,8.7342,8.6268,9.2717,8.6299,8.5226,19.87,8.3346,0.0874,8.3346,0.0874,76.9333,71.5333,230.159,0.2121,71.9,10,1666,7,0,273,110,150,26,193,0,1875,51122
89.3333,2.732,2.1607,2.1429,101.71,79.804,8.733,8.6266,8.519,8.7338,8.6267,9.2715,8.6269,8.5189,17.72,8.0773,0.0936,8.0774,0.0776,68.3833,69.85,235.419,0.2257,68.7,10,1533,8,0,295,114,190,27,204,0,9717,10123
94.375,3,3,3,102.3333,80.3333,8.7303,8.6225,8.5148,8.7303,8.6225,9.2692,8.6225,8.5148,20,10,0.01,20,0.01,78.5667,78.2833,200,0.01,40,0,2075,6,0,257,125,165,24,177,24,2906,51426
98.0333,0.7676,,2.6642,101.6467,79.741,8.7408,8.6331,8.5253,8.7409,8.6331,9.2794,8.633,8.5253,20.4,12.4586,0.103,21.9441,0.1197,82.5,55.4833,254.431,0.3041,61.5,0,3759,6,0,332,159,320,2,19,0,2095,68883
99.9083,2.4894,1.7083,1.7666,102.0033,80.0633,8.7406,8.6329,8.5252,8.7413,8.6335,9.2794,8.633,8.5252,35.67,8.1308,0.0871,8.1308,0.0868,91.85,61.2667,256.263,0.2221,63.4,10,2142,5,0,261,134,125,23,179,0,1273,45399
100,3,3,3,101.6667,79.6667,8.7303,8.6225,8.5148,8.7303,8.6225,9.2692,8.6225,8.5148,20,12.3821,0.1079,22.0549,0.192,89.1667,63.3,252.581,0.222,65.5,0,2026,6,0,262,117,274,25,184,0,2128,46828
87.4583,1.5132,1.387,1.741,101.0733,79.2927,8.7332,8.6259,8.5184,8.7334,8.6257,9.2709,8.626,8.5182,29.64,12.6246,0.1021,22.2565,0.129,79.5833,54.6,256.511,0.1176,65.7,0,3607,5,0,281,128,331,2,19,21,2140,59729
89.1917,1.497,4.668,2.1629,100.4883,78.7783,8.7407,8.633,8.5253,8.7409,8.6332,9.2795,8.6331,8.5254,21.25,12.5646,0.1013,22.0311,0.111,86.2667,56.55,254.227,0.2286,122.1,0,2399,5,0,225,84,186,39,176,11,5145,5058
87.4583,2.871,1.8727,1.913,101.8033,79.8683,8.7334,8.6262,8.5184,8.7334,8.626,9.2711,8.626,8.5183,58.18,12.6029,0.1212,22.5513,0.1323,54.7333,81.55,287.788,0.3075,73.1,0,2095,7,0,109,101,214,52,80,0,3300,5208
89.3333,2.4889,1.8014,1.89,101.41,79.5347,8.7332,8.6255,8.5181,8.7336,8.6259,9.2709,8.6259,8.5183,26.89,12.3724,0.0961,22.2091,0.1421,80.6167,69.5667,250.736,0.2164,62.1,10,7680,5,0,190,109,220,47,143,13,3013,3268
90.6667,3,3,3,101.8533,79.8557,8.7334,8.6258,8.5183,8.7336,8.6261,9.2684,8.6259,8.5184,26.57,12.4565,0.1174,22.153,0.1224,79.6833,85.55,251.645,0.228,70.7,0,4192,4,0,256,132,260,27,184,0,13683,82934
85.5833,1.8039,1.6071,2.8627,102.14,80.1197,8.7364,8.629,8.5213,8.7368,8.6294,9.2753,8.6291,8.5215,18.89,12.5123,0.1069,22.0082,0.1122,87.7333,41.5167,251.206,0.228,66.8,0,6259,5,0,245,120,199,171,0,0,3318,48382
89.3333,,2,,102.11,80.11,8.739,8.6279,8.5195,8.736,8.6284,9.2743,8.628,8.519,22.81,9.0911,0.1358,17.9648,0.0832,95.9167,86.6,176.57,0.4282,35.2,0,1203,8,0,306,129,194,205,0,0,14191,10149
90.2667,2.9551,1.8864,1.1186,101.7467,79.707,8.7338,8.6261,8.5186,8.7336,8.626,9.2712,8.6263,8.5186,34.35,12.2743,0.1054,22.3007,0.1283,92.8,80.9333,252.638,0.2383,88.7,0,1716,8,0,226,123,210,31,155,0,1569,59243
92.9333,2.0254,1.804,1.4831,102.3067,80.2197,8.7336,8.6261,8.5185,8.7337,8.6262,9.2713,8.6261,8.5186,33.29,12.3165,0.1087,22.1133,0.138,71.1833,98.3167,254.987,0.2371,118.6,0,3726,7,0,234,132,312,25,163,0,1424,60105
91.0667,2.25,1.6284,1.5052,133.5167,105.8133,8.7218,8.6153,8.5091,8.7215,8.6152,9.2579,8.6152,8.5092,47.81,12.1613,0.0973,22.1154,0.14,77.4333,65.6667,249.212,0.2396,61.3,0,11402,7,0,346,251,524,28,229,0,13335,92477
95.6,1.9517,1.4679,1.6508,95.1158,74.6022,8.7338,8.6261,8.5187,8.7335,8.626,9.2712,8.6262,8.5185,25.53,12.2204,0.0943,21.9978,0.1522,93.4,72.5,254.637,0.2528,62.2,0,1880,8,0,227,143,351,24,150,0,825,52871
88,2.1268,1.5049,1.5689,94.7825,74.3369,8.7338,8.6264,8.5188,8.7337,8.6262,9.2712,8.6262,8.5186,38.53,12.3928,0.108,23.0012,0.4761,,,257.877,0.4573,67.5,0,3768,8,0,179,130,256,23,118,0,9185,72653
92.1333,1.3723,8.375,2.4176,101.3,79.4473,8.7337,8.6268,8.5189,8.7342,8.6267,9.2714,8.6259,8.519,28.35,12.517,0.1009,22.5112,0.2684,93.85,82.1833,260.277,0.2839,65.1,0,8101,5,0,129,133,351,51,95,24,11889,6417
95.6,1.8714,1.8934,1.5813,101.11,79.2803,8.7339,8.6263,8.5189,8.734,8.6263,9.2713,8.6262,8.5186,19.45,12.3085,0.1063,21.9787,0.1202,95.3667,93.6833,248.731,0.2312,76.1,0,6545,3,0,157,116,366,46,118,11,14189,5224
89.3333,2.6296,2.1879,2.2553,80.746,80.58,8.7339,8.6263,8.5188,8.7337,8.6263,9.2714,8.6262,8.5187,17.96,12.4201,0.108,22.3267,0.1314,98.2333,76.2167,255.344,0.2547,79.7,0,4672,6,0,8,33,161,37,21,0,3520,3361
89.3333,2.1449,1.544,1.884,80.9793,80.36,8.7339,8.6265,8.5181,8.7338,8.6263,9.2713,8.6263,8.5188,19.38,12.243,0.1027,22.659,0.1191,94.1,88.4333,255.944,0.3089,149.7,0,4996,6,0,10,38,216,34,19,0,11645,5614
85.4417,2.531,2.0779,2.1458,100.95,79.182,8.7337,8.6263,8.5187,8.7339,8.6262,9.2715,8.6262,8.5188,20.85,4.165,0.1027,22.4923,0.1191,53.3167,41.25,254.03,0.3089,128.5,0,2930,6,0,83,99,125,21,58,35,2530,40904
93.8667,2.5482,1.863,2.0333,100.9067,79.1373,8.734,8.6264,8.5187,8.7339,8.6262,9.2711,8.6262,8.5188,24.71,10.6028,0.0972,17.568,0.2096,83.0667,70.6833,205.117,0.3759,39.4,0,4477,6,0,160,152,417,22,104,46,3245,64104
86.8,1.8378,1.4031,1.7419,100.91,79.1483,8.7337,8.6263,8.5185,8.7336,8.6262,9.2711,8.6261,8.5187,22.02,10.8062,0.1032,18.2153,0.1502,70.3333,88.95,205.129,0.3689,45.1,10,3688,5,0,166,140,473,21,113,33,1408,40909
84.6667,1.617,1.1622,1.505,100.85,79.1317,8.7336,8.6263,8.5185,8.7336,8.6262,9.271,8.6261,8.5183,22.02,10.7669,0.1037,18.3407,0.1669,88.0167,92.4,206.359,0.3767,42.2,10,3602,5,0,7,34,220,17,15,24,1476,51137
93.7333,2.25,1.6284,1.5052,98.7367,77.0873,8.7367,8.6267,8.5168,8.7368,8.6269,9.2873,8.6268,8.5167,23.41,10.973,0.0824,17.9416,0.0954,84.0667,77.0667,208.246,0.3607,28.4,0,2958,3,0,4,13,918,14,0,0,14631,75011
89.1917,2.4249,1.5855,1.6037,103.4833,80.53,8.736,8.6258,8.5151,8.7358,8.6253,9.2866,8.6255,8.5157,23.81,11.2346,0.106,18.1551,0.1161,56.5833,89.6667,209.792,0.5133,38.3,0,3817,6,0,5,15,1181,17,14,0,12813,73452
92.8,1.9593,1.6384,1.0851,101.3567,78.8867,8.7362,8.6261,8.5163,8.7371,8.6269,9.2871,8.626,8.5161,20.7,11.044,0.1847,19.2194,0.1579,82.35,77.1,205.949,0.1828,45,0,4524,3,0,4,13,1086,15,0,0,8403,51275
93.8667,1.7205,1.2244,1.7259,97.553,76.1853,8.7365,8.6265,8.5166,8.7365,8.6261,9.2868,8.6263,8.5168,102.8,10.5444,0.0862,22.5816,0.0686,82.3833,83.0667,174.047,0.3644,27.2,0,11092,3,0,7,29,549,16,14,0,14118,81013
94.6667,1.6501,1.4947,1.594,96.8467,75.5687,8.7363,8.6275,8.5168,8.7374,8.6267,9.2885,8.6253,8.5157,24.83,10.6531,0.1245,21.4034,0.0953,94.5833,85.8167,172.846,0.3793,66.7,0,7570,0,0,6,24,782,15,14,0,3677,46869
96.5333,2.2416,1.8015,2.6239,98.0953,76.5737,8.7434,8.6331,8.5228,8.7433,8.6328,9.2946,8.6328,8.5226,42.9,11.2965,0.1439,19.4817,0.1495,87.05,89.4833,209.323,0.3545,32.2,0,5254,4,0,6,22,612,15,14,0,18547,91173
92.8,1.7168,1.3172,1.4977,94.9677,74.4887,8.7284,8.6209,8.5131,8.729,8.6215,9.2672,8.6206,8.5129,23.7,11.1847,0.1033,18.854,0.1829,79.4,70.3,207.629,0.3677,20.9,0,4386,7,0,263,146,430,26,197,0,4338,87693
92.9333,1.4571,1.2155,1.3908,94.4887,74.093,8.7285,8.6206,8.5132,8.7279,8.6204,9.2669,8.6207,8.5131,23.94,11.3087,0.1171,19.2281,0.198,84.75,82.3833,210.669,0.1603,27.3,0,4437,6,0,260,159,405,27,197,0,9319,68893
92.8,1.4815,1.528,1.247,96.831,75.53,8.7367,8.6263,8.5164,8.7364,8.6264,9.2874,8.6268,8.5167,17.07,8.1335,0.1294,8.1335,0.1294,81.8167,83.8333,252.541,0.2281,22.5,10,11702,0,0,5,23,478,16,14,0,16606,93583
92,1.41,1.2283,1.4265,96.843,75.606,8.7371,8.627,8.5167,8.7368,8.6265,9.2874,8.6269,8.5165,15.79,11.3451,0.1153,18.2437,0.14,89.6167,86.3833,210.429,0.2287,36.9,0,10920,0,0,6,28,421,17,14,0,12636,84191
89.3333,1.7795,1.8116,1.5709,96.4787,75.299,8.7368,8.6265,8.5166,8.736,8.6261,9.287,8.6265,8.5162,22.07,10.8123,0.11,22.3841,0.1116,83.5167,74.2333,169.275,0.2429,34.8,0,5591,4,0,4,16,1141,14,13,0,2985,46920
89.3333,1.9864,0.4474,1.0286,98.527,77.123,8.7556,8.639,8.526,8.7409,8.6331,9.2795,8.633,8.5254,20.85,7.5735,0.209,15.1984,0.4595,88.45,79.9333,261.73,0.1108,17.7,0,899,3,0,43,27,109,30,65,10,697,2050
93.7333,1.8284,1.662,1.173,96.3573,75.1993,8.7367,8.6266,8.5164,8.7367,8.6266,9.2869,8.6265,8.5162,20.55,10.7679,0.0877,22.1988,0.0661,80.75,83.75,176.481,0.3982,25.7,0,4976,3,0,4,13,1070,14,13,0,17127,85479
89.3333,1.8879,1.5053,1.9245,95.2113,74.711,8.765,8.6552,8.5487,8.7296,8.6219,9.3335,8.6825,8.5705,16.05,12.7122,0.112,22.3691,0.119,95.3333,90.25,251.437,0.1277,22.22,0,3330,5,0,108,61,388,19,94,0,4519,52952
85.5833,1.3195,1.2274,1.2607,95.4143,74.1857,8.7333,8.6213,8.5149,8.7297,8.6226,9.2563,8.6167,8.5104,27.5,12.7556,0.1132,21.9176,0.1334,53.95,54.8,268.125,0.2311,18.21,0,3558,9,0,89,85,361,21,61,0,3929,62226
94.6667,3,3,3,94.8777,74.3957,8.7285,8.6206,8.513,8.7286,8.6209,9.2676,8.6211,8.5132,15.57,12.7495,0.2009,21.4372,0.1673,72.45,65.3333,277.806,0.2551,31.4,0,15618,4,0,75,67,241,35,63,20,7392,4479
89.3333,1.8598,1.5541,1.6174,84.428,66.23,8.7332,8.6258,8.5182,8.782,8.6629,9.2707,8.6259,8.5184,17.65,10.958,0.2243,21.5658,0.2438,87.9833,67.7167,173.055,0.3855,0.3568,0,1607,5,0,26,56,184,22,28,24,1763,35212
91.0667,1.935,1.4879,1.8665,85.2113,66.8547,8.7346,8.6285,8.5195,8.7335,8.6256,9.271,8.6255,8.5183,18.3,10.8651,0.217,21.6438,0.2338,85.4167,80.8333,170.858,0.3392,33.1,0,7728,6,0,244,210,504,22,160,26,2771,53999
89.325,1.6952,1.3231,1.474,84.8777,66.61,8.7329,8.6257,8.5184,8.7335,8.6256,9.2708,8.6254,8.5183,18.95,10.9303,0.1263,21.6146,0.1625,60.7833,52.7,172.552,0.4062,43.2,0,3163,5,0,14,51,318,18,19,38,3502,48096
87.6,1.9845,1.8778,2.1323,95.1463,74.629,8.7284,8.6207,8.5129,8.7282,8.6208,9.2673,8.6208,8.5132,26.49,11.0047,0.1614,22.1312,0.1649,93.7167,61.7333,168.33,0.3692,30.3,10,8,0,47,46,322,57,53,10,6136,4896,
89.3333,2.3205,1.5594,3,95.1917,74.6,8.7285,8.6207,8.5132,8.7294,8.6217,9.267,8.6208,8.5131,24.17,11.0889,0.0993,21.7968,0.1011,93.6833,77.6667,168.027,0.3155,24.2,10,5,0,87,56,320,20,69,8,9278,5342,
91.2,2.1389,1.5225,2.1132,94.8953,74.434,8.7288,8.621,8.5134,8.7285,8.6208,9.2672,8.7286,8.6207,20.15,8.2042,0.17,12.7375,0.31,84.3333,75.9833,175.54,0.43,47.8,0,3266,4,0,0,12,522,0,0,0,14889,5367
91.0667,3.5047,2.0759,2.637,94.84,74.3747,8.7366,8.6286,8.5207,8.7364,8.6284,9.2799,8.6281,8.5202,23.23,12.6636,0.1122,21.7252,0.157,95.55,86.6,249.767,0.2245,40.2,0,6042,7,0,5,29,597,14,0,0,1169,43131
96.4,2.1686,8.5331,1.3476,94.6133,74.1853,8.736,8.6281,8.5203,8.7369,8.629,9.2769,8.628,8.5201,32.2,12.2405,0.129,21.41,0.2217,79.9333,86.6,305.141,0.2796,105.3,10,6629,5,0,7,37,492,15,0,0,2598,43016
100,2,1.8852,2.3333,123.1225,97.6929,8.733,8.626,8.518,8.733,8.626,9.27,8.626,8.519,49.64,12.225,0.1247,20.0008,0.1483,68.6167,78.95,305.351,0.2266,41.2,10,3110,3,0,0,8,450,0,0,33,12795,4841
92.8,1.9444,1.3253,1.54,84.95,66.5607,8.733,8.6254,8.5179,8.733,8.6256,9.2704,8.6257,8.518,18.71,12.2151,0.1169,20.6964,0.1596,91.2167,64.8333,308.563,0.8696,59.6,0,2953,6,0,6,28,549,15,0,0,2706,55656
86.125,3.6658,2.0267,2.0865,98.5277,77.1883,8.804,8.705,8.59,8.804,8.705,9.352,8.705,8.59,19.16,7.2811,0.1887,,,87.5833,53.6833,259.63,0.2287,270.9,0,2259,3,0,0,9,662,0,0,0,2533,31518
91.8583,3.6658,2.0267,2.0865,98.5367,77.195,8.7409,8.6331,8.5254,8.7408,8.6331,9.2794,8.6329,8.5252,15.63,12.2801,0.115,20.4777,0.1491,85.2833,58.0667,309.061,0.2446,49.6,0,2229,4,0,0,10,1080,0,0,0,2236,34940
91.2,2.3181,2.802,1.4342,99.116,77.689,8.7403,8.6268,8.5212,8.7331,8.6259,9.2734,8.6287,8.521,17.23,9.6961,0.12,16.5711,0.16,81.0833,84.1833,172.37,0.38,65.1,0,3706,4,0,4,21,197,15,14,12,22746,91561
88.2583,1.6129,1.9406,1.2598,99.6797,78.2207,8.733,8.6259,8.5184,8.7332,8.6257,9.2707,8.6258,8.5182,21.4,12.513,0.1369,24.0189,0.1562,58.6833,89.35,204.309,0.3632,17.2,0,6074,3,0,4,23,269,15,14,384,4541,2111
89.3333,2.5063,1.9007,1.9731,99.4663,77.8517,8.738,8.6277,8.5199,8.7346,8.627,9.273,8.6272,8.5196,20.21,12.6817,0.1501,23.5726,0.1901,96.4167,68.6,202.688,0.3664,45.4,0,3632,3,0,5,27,378,16,14,0,5314,39679
100,2,2.6102,2.902,71.6336,56.637,8.738,8.628,8.526,8.738,8.628,9.281,8.628,8.527,17.18,12.6678,0.1713,23.8419,0.1824,65,65,209.89,0.3904,28.3,0,2908,7,0,0,3,290,0,0,17,2827,32464
93.8667,1.64,1.1556,2,100.5567,78.613,8.736,8.6259,8.5159,8.736,8.6259,9.2863,8.6261,8.5158,13.7,10.5333,0.1504,20.7756,0.1793,68.6833,71.85,205.955,0.4002,31.1,0,13445,46,0,5,13,812,44,25,0,18465,4854
95.6,2.7191,1.6936,1.5549,99.5457,77.261,8.7381,8.6265,8.5165,8.7362,8.6263,9.287,8.6268,8.5167,17.76,10.6136,0.1181,20.6416,0.2789,80.75,83.75,203.875,0.3487,24,0,724,3,0,0,6,204,0,0,0,13824,4547
81.3333,2.3388,1.5208,1.7363,99.8567,77.5117,8.7358,8.6256,8.5156,8.7355,8.6256,9.2864,8.6258,8.5158,115.2,11.9274,0.1267,21.407,0.2145,81.9333,89.4333,261.896,0.2385,71.4,0,,,,,,,,,,,
92.1333,2.3401,1.8,1.9582,83.5237,65.7453,8.7333,8.6261,8.5189,8.7319,8.6246,9.27,8.6266,8.5194,60.22,11.7123,0.1018,21.8865,0.1711,70.9167,72.5167,253.458,0.1835,54.6,0,4594,3,0,3,15,538,0,0,8,7814,5871
91.2,1.4868,1.2487,1.4641,83.137,65.4623,8.7323,8.625,8.5179,8.7327,8.625,9.2686,8.6247,8.5174,15.31,12.1963,0.1484,21.7481,0.2078,78.4833,91.3,311.043,0.2665,27.8,0,12684,2,0,4,22,676,0,0,20,8011,5392
94.5333,4.2105,2.3659,4.2268,84.6373,66.681,8.7362,8.6286,8.5207,8.736,8.6285,9.274,8.628,8.5208,21.05,11.7839,0.1283,22.8461,0.1519,84.9167,91.26,250.717,0.1923,32.7,0,2416,4,0,0,10,642,0,0,0,2470,33732
95.4667,4.6505,2.16,3.4416,85.2567,67.1707,8.7333,8.6257,8.518,8.7333,8.6257,9.2707,8.6257,8.5182,17.64,11.772,0.0813,22.7178,0.0939,81.2167,67.2667,255.842,0.2728,17.7,0,3746,0,0,0,12,339,14,0,0,3106,28464
94.6583,3.2857,2.2162,2.4375,71.6336,56.637,8.7211,8.613,8.5058,8.7214,8.6137,9.2596,8.6139,8.506,25.37,12.2887,0.1011,23.8041,0.1485,88.3,59.2,255.144,0.2439,21.1,0,2498,4,0,0,12,618,16,13,41,2999,34787
92.8,4.7241,1.8974,3.2557,83.544,65.7263,8.7179,8.6103,8.5028,8.7177,8.6102,9.2555,8.6101,8.5028,18.05,10,0.01,20,0.01,91.3333,79.35,200,0.01,40,0,1460,4,0,0,6,469,0,0,0,20649,
95.6,2.8373,1.9644,2.3185,83.7663,65.8957,8.721,8.6135,8.5053,8.7209,8.6132,9.2596,8.6134,8.5054,48.52,11.0852,0.088,18.7724,0.0928,79.9833,82.2833,175.686,0.4083,32,10,3550,4,0,0,11,374,26,0,13,16784,5318
97.3333,2.2692,1.5465,1.75,83.126,65.3477,8.7174,8.612,8.5025,8.7176,8.6101,9.2552,8.61,8.5025,22.38,10,0.01,20,0.01,95.8833,79.2,200,0.01,40,0,3820,8,0,0,11,686,63,0,0,12957,5550
100,3,3,3,83.6667,65.6667,8.7307,8.6226,8.5149,8.7319,8.624,9.2691,8.6222,8.5139,20,11.2239,0.1123,18.1728,0.0903,77,62.75,171.002,0.3656,63.1,0,6796,6,0,9,52,548,5,11,16,1030,52126
92.8,1.6283,1.9669,1.6675,84.6833,66.66,8.7317,8.6236,8.5225,8.7322,8.6239,9.2748,8.6238,8.5231,22.23,11.1719,0.1183,18.3674,0.0998,84.25,86.6,171.085,0.2092,0.2092,0,5930,9,0,5,37,1314,18,13,0,3203,73477
98.125,3,3,3,83.6667,65.6667,8.7303,8.6225,8.5148,8.7303,8.6225,9.2692,8.6225,8.5148,20,11.148,0.086,18.375,0.079,67.2833,50.3667,171.13,0.4175,71.1,10,5969,13,0,5,37,1542,20,13,0,3126,83678
92.8,1.6681,8.3511,1.9924,82.952,65.201,8.7321,8.6268,8.5256,8.7346,8.6258,9.2778,8.6269,8.5266,23.87,11.1527,0.0968,18.2697,0.0828,79.55,73.1333,171.117,0.3642,49.7,0,11622,3,0,5,30,890,0,0,10,3177,2936
91.2,1.3452,1.0886,1.2932,82.9853,67.225,8.7321,8.6236,8.5229,8.7319,8.636,9.279,8.6237,8.523,37.17,11.385,0.1005,18.5928,0.0903,94.4333,71.5667,173.95,0.3983,23.4,0,5841,20,0,9,52,992,48,0,0,15708,0
89.3333,1.7633,1.4861,1.4435,89.85,71,8.7348,8.6261,8.5252,8.7347,8.6257,9.2775,8.621,8.5257,15.42,10,0.01,20,0.01,89.6833,86.6,200,0.01,40,0,5934,7,0,172,210,533,21,101,33,1022,52749
89.3333,1.7622,1.4356,1.5188,84.7333,67.0167,8.73,8.623,8.514,8.7432,8.6348,9.2776,8.626,8.5254,22.81,10,0.01,20,0.01,33.25,39.6833,200,0.01,40,0,4662,7,0,163,174,457,21,97,21,1972,53939
81.3333,1.7271,1.684,2.2813,82.8857,65.1273,8.7236,8.6154,8.5142,8.7236,8.6153,9.2729,8.6232,8.522,15.63,8.313,0.1212,12.6734,0.0972,85.5333,61.2833,171.419,0.3906,34,0,,,,,,,,,,,
100,3,3,3,133.3333,105.6667,8.7303,8.6225,8.5148,8.7303,8.6225,9.2692,8.6225,8.5148,20,12.2139,0.0969,21.4955,0.1063,80.35,82.4667,259.732,0.2544,54.5,0,4269,8,0,170,138,677,21,107,0,8555,94968
100,3,3,3,133.3333,105.6667,8.7303,8.6225,8.5148,8.7303,8.6225,9.2692,8.6225,8.5148,20,12.5099,0.1071,23.7319,0.2059,70.05,64.9667,261.106,0.0785,73.7,0,4729,6,0,152,155,588,19,96,0,4792,62828
91.2,1.0532,1.3124,1.4078,165.86,131.2567,8.7267,8.6195,8.5125,8.7267,8.6196,9.2628,8.6201,8.5129,45.8,12.6877,0.113,23.3483,0.136,84.3167,72.7,264.512,0.2727,73.1,10,6409,3,0,3,21,561,0,0,0,11767,4641
92.8,1.8249,1.4753,4.4275,79.7953,62.687,8.7179,8.6103,8.5028,8.7177,8.6102,9.2555,8.6102,8.5027,21.31,10.08,,18.343,,94.2667,71.7,174,0.43,30,0,1765,4,0,0,8,1209,2,2,0,22408,10955
85.4667,3.6061,2.4412,2.2865,79.5317,62.466,8.7173,8.61,8.5025,8.7175,8.6102,9.2552,8.6098,8.5026,22.01,10.379,0.11,18.126,0.12,66.4833,71.3167,173,0.42,30,0,1548,5,0,0,6,900,14,0,0,20251,88853
94.5333,2.6257,2.1391,2.2624,86.6653,68.036,8.7251,8.6173,8.5097,8.7253,8.6175,9.2637,8.6173,8.5097,21.81,9.6961,0.12,16.5711,0.16,75.15,64.3667,172.37,0.38,65.1,0,1936,4,0,0,7,1024,2,2,0,4630,32976
96.5333,2,3.4571,3.65,85.0767,67.207,8.738,8.627,8.523,8.738,8.627,9.28,8.628,8.524,,10,0.01,20,0.01,89.2,75.4833,200,0.01,40,0,1648,5,0,0,8,782,14,0,0,6160,33432
96.5333,2,3.4571,3.65,84.34,66.603,8.737,8.626,8.523,8.738,8.626,9.278,8.626,8.524,16.415,,0.13,,0.13,84.7667,80.5167,171.0528,0.45,39.29,0,1844,5,0,0,8,774,15,0,117,97,38222
96.25,2,2.6102,2.902,71.6336,56.637,8.738,8.628,8.526,8.738,8.628,9.281,8.628,8.527,17.18,14.21,0.13,14.21,0.13,60,60,172,0.45,41.52,0,5042,4,0,4,20,1043,14,13,69,110,45103
96.25,3,3,3,83.6667,66.3333,8.7303,8.6225,8.5148,8.7303,8.6225,9.2692,8.6225,8.5148,20,9.4681,0.1486,17.0477,0.1803,60,60,169.362,0.3935,58.18,0,1124,3,0,0,2,461,0,0,0,3491,19565
94.8,2.5055,3.325,2.1463,83.8987,66.372,8.735,8.624,8.521,8.732,8.624,9.274,8.623,8.52,16.22,9.5586,0.13,16.7305,0.1516,86.3833,77.6333,168.212,0.3883,61.5,0,2870,4,0,3,12,1054,14,0,0,1927,33917
94.6583,1.3931,2.7586,2.1653,83.597,66.0017,8.735,8.624,8.521,8.732,8.624,9.274,8.623,8.52,16.2,12.5092,0.1225,21.1769,0.1177,90.05,51.1333,245.276,0.1204,39,0,,,,,,,,,,,
84.8,2.3286,1.5,1.6211,84.452,66.744,8.7318,8.622,8.5203,8.732,8.6221,9.2735,8.622,8.5203,16.82,8.987,0.12,17.8564,0.0749,76.5333,89.3333,176.132,0.4192,30.9,0,,,,,,,,,,,
84.8,2.1446,1.4754,1.5977,84.3993,66.6637,8.7316,8.6219,8.5202,8.7318,8.6218,9.2733,8.6218,8.5202,20.31,10.5485,0.0959,22.3059,0.0828,94,88.2333,173.965,0.4118,63,0,,,,,,,,,,,
89.3333,2.0181,1.6149,1.9571,85.03,66.735,8.7332,8.6259,8.5184,8.7331,8.6257,9.2707,8.6255,8.5181,16.12,7.4566,0.2109,15.1775,0.2932,82.2833,68.2333,260.802,0.2167,28,0,1124,4,0,8,31,282,16,15,0,2878,27246
88.1083,2.0247,1.5686,1.8707,133.79,106.0133,8.7224,8.616,8.5098,8.7217,8.6156,9.2577,8.6154,8.5092,39.49,8.2414,0.1168,12.7779,0.1532,87.1833,30.6167,174.294,0.408,33.8,0,10130,6,0,208,183,504,,,17,546,42591
87.4583,1.2237,1.3625,1.4356,96.0554,75.3931,8.7365,8.6286,8.5205,8.7368,8.6288,9.2759,8.6282,8.5204,47.61,12.1191,0.1344,20.7668,0.1693,55.35,71.05,264.926,0.1362,51.6,0,2408,7,0,117,59,180,18,87,0,19890,90364
81.3333,1.7361,1.6667,2.0642,88.5624,70.6304,8.7305,8.6236,8.5168,8.7305,8.6236,9.2647,8.6235,8.5167,16.62,12.2982,0.134,20.5697,0.1796,95.9333,82.9,262.332,0.2343,47.7,0,,,,,,,,,,,
85.8667,2.2613,1.6111,1.9884,165.7833,131.2,8.7264,8.6196,8.5123,8.7266,8.6195,9.2625,8.6198,8.5126,60.22,10.7938,0.0858,22.5346,0.1013,80.9333,66.25,177.257,0.4118,1.1676,0,,,,,,,,,,,
81.1917,5.1613,6.993,3.4569,82.7883,65.112,8.7525,8.6117,8.5046,8.7192,8.6113,9.2613,8.659,8.5468,15.46,12.2711,0.097,23.426,0.1885,74.7667,58.5833,258.329,0.2183,72.6,0,,,,,,,,,,,
84.1333,5.3955,3.7075,3.3625,82.2403,64.666,8.7254,8.6177,8.5099,8.7253,8.6176,9.264,8.6176,8.5099,16.09,11.0422,0.1281,19.5073,0.2361,69.45,64.8333,260.757,0.2364,36.9,0,,,,,,,,,,,
81.3333,0.7757,2.3614,1.2683,94.964,74.4533,8.7417,8.6327,8.5243,8.739,8.6326,9.2822,8.6363,8.5273,21.38,13.1499,0.138,16.3189,0.2849,92.4167,80.9833,180.382,0.4092,46.4,0,,,,,,,,,,,
83.0667,2.926,1.8031,2.3733,79.2773,62.3127,8.7177,8.6103,8.5027,8.7175,8.61,9.2551,8.61,8.5028,15.62,7.3699,0.1099,15.1239,0.1225,98.45,61.3,261.66,0.2168,38.2,0,,,,,,,,,,,
88.3833,2.9151,1.9468,2.4396,86.2433,67.64,8.7227,8.6146,8.5064,8.7221,8.6138,9.2636,8.6133,8.5053,15.71,10.2453,0.1082,17.1932,0.12,82.8167,46.0333,176.123,0.3991,69.8,0,1342,0,0,0,5,638,0,0,0,6917,28290
81.3333,2.639,1.7923,1.3297,99.554,78.3693,8.7199,8.6117,8.5036,8.7197,8.6116,9.2606,8.6115,8.5035,18.92,12.3436,0.1035,23.3568,0.155,66.1,62.7167,261.405,0.3536,119.7,0,,,,,,,,,,,
84,1.2488,1.1889,1.1515,88.064,70.1067,8.7238,8.6172,8.5106,8.724,8.6172,9.257,8.6172,8.5104,49.23,12.3536,0.1065,17.3785,0.2302,78.2167,64.2333,257.938,0.2603,73.5,0,,,,,,,,,,,
81.3333,1.3906,1.2036,1.3273,92.9967,73.902,8.717,8.612,8.5068,8.7173,8.6122,9.2428,8.612,8.5067,33.56,12.4329,0.107,22.397,0.1363,73.05,85.4,256.746,0.2401,69.3,0,,,,,,,,,,,
80.1333,2.9577,2.207,1.7996,79.211,62.2697,8.7175,8.6103,8.5024,8.7179,8.6099,9.2554,8.6104,8.5028,21.9,12.4305,0.1126,21.0425,0.1728,79.9,71.5167,255.284,0.3657,75.7,0,,,,,,,,,,,
90.9167,3.1633,2.0073,1.793,79.4833,62.4427,8.7182,8.6108,8.5036,8.7176,8.6103,9.2551,8.6102,8.5028,19.93,12.79,0.1359,22.7126,0.1357,97.2667,48.3333,268.596,0.275,52.9,0,1292,5,0,0,6,952,14,0,0,23059,97643
94.5167,2.5213,1.9487,2.1374,101.08,79.2643,8.7337,8.6262,8.5188,8.7336,8.6262,9.2712,8.6261,8.5188,40.8,12.694,0.1286,23.6838,0.1728,60,60,255.838,0.2209,40.1,0,3104,6,0,141,110,345,22,97,30,2376,50216
93.8667,2.2809,2.8328,3.4649,81.9287,64.492,8.7178,8.6104,8.5029,8.7176,8.6103,9.2551,8.6102,8.5025,16.76,10,0.01,20,0.01,74.7333,87.2167,200,0.01,40,0,3646,4,0,9,48,395,16,16,47,2851,42234
89.3333,2.5523,1.595,2.5622,84.7633,66.5163,8.7179,8.6107,8.5032,8.7181,8.6106,9.2557,8.6104,8.5031,18.55,12.577,0.1017,23.4008,0.1681,74.7333,64.9,258.967,0.2559,99.4,0,1137,0,0,0,4,408,0,0,0,3700,18704
85.5833,3.5385,2.4706,2.25,74.0833,61.811,8.7333,8.6258,8.518,8.733,8.6255,9.2706,8.6255,8.5182,16.09,12.5934,0.0938,23.6104,0.1156,59.4833,59,260.388,0.2481,114.8,0,2115,5,0,72,81,297,21,55,0,15465,91750
89.3167,3,3,3,84.7633,66.5163,8.7329,8.6256,8.5179,8.7331,8.6256,9.2704,8.6256,8.5181,20,12.5442,0.091,24.0079,0.1079,78.25,47.15,259.148,0.5987,120.9,0,2044,4,0,18,50,153,18,21,33,20060,90451
91.4667,1.8769,1.2938,1.5702,79.242,62.2823,8.7204,8.6131,8.5054,8.7204,8.6128,9.2585,8.6128,8.5053,20.4,12.3342,0.0943,23.5628,0.1373,85.2667,73.8833,257.443,0.5112,55.9,0,2092,3,0,0,8,1127,2,2,0,3100,36087
82.1333,1.9785,1.5512,1.6019,79.031,62.0867,8.7174,8.6102,8.5024,8.7176,8.6099,9.2552,8.6103,8.5025,20.4,10.9948,0.087,19.5221,0.2048,70.7833,69.2167,168.457,0.3992,72.3,0,,,,,,,,,,,
80.8,1.6028,1.4884,1.4576,79.3627,62.3563,8.7176,8.6102,8.5025,8.7176,8.6101,9.2554,8.6101,8.5028,20.37,7.4288,0.1899,15.7931,0.4991,83.9833,63.3833,265.2,0.3004,58.9,0,,,,,,,,,,,
84.8,2.6034,1.734,1.7708,79.5697,62.5407,8.7177,8.61,8.5026,8.7174,8.61,9.255,8.6102,8.5024,22.61,12.4479,0.1077,23.4766,0.1599,86.2833,66.6,259.175,0.3579,115.4,0,,,,,,,,,,,
92.9333,1.7717,1.1751,1.4356,85.9053,67.3703,8.7198,8.6117,8.5035,8.7196,8.6115,9.2606,8.6116,8.5034,14.87,11.2098,0.1048,19.775,0.2266,78.15,72.5833,263.576,0.2631,34,0,161,0,0,0,0,65,0,0,0,12257,44634
80.4,1.28,1.1412,1.5,88.2893,70.3013,8.7237,8.6171,8.5104,8.7236,8.617,9.2572,8.6173,8.5105,22.28,11.1394,0.0968,19.3335,0.1931,69.4,75.6,261.148,0.2415,33.1,0,,,,,,,,,,,
81.8667,3.8879,2.0183,1.7491,79.305,62.3373,8.7176,8.6099,8.5023,8.7178,8.61,9.255,8.6102,8.5023,16.36,13.6378,0.1057,21.0755,0.143,84.5167,78.4667,172.993,0.3142,41,0,,,,,,,,,,,
94.5333,2.1389,1.8378,1.3369,85.653,67.153,8.7218,8.6131,8.5049,8.7214,8.6132,9.2633,8.6131,8.5046,24.98,15.2848,0.2139,26.1429,0.3683,78.5333,76.25,257.314,1.8502,73.7,0,2097,3,0,0,9,815,0,0,0,3909,24238
91.2,2.5355,2,2.0366,86.1823,67.602,8.7199,8.6121,8.5037,8.7195,8.6116,9.261,8.612,8.5037,15.65,11.9211,0.0991,21.3918,0.1116,72.7667,79.2667,257.959,0.2644,52,0,2005,0,0,0,7,793,0,0,0,6461,28790
85.4333,1.7158,1.6667,1.2936,95.9427,74.8187,8.7137,8.605,8.4905,8.7137,8.605,9.2567,8.6049,8.4964,87.23,9.6203,0.095,16.7792,0.1987,40.2333,47.4833,167.501,0.3872,21.5,0,8343,8,0,5,22,640,20,22,38,586,305
88.3833,1.9375,1.3798,2.0351,124.7567,95.0533,8.52,8.6265,8.736,8.52,8.626,8.025,8.6265,8.7355,,12.1366,0.1016,20.9006,0.1798,86.6167,45.7,271.08,0.1356,105.3,0,2431,10,0,258,151,270,29,176,0,2455,89362
95.6,2.2162,2.3,2.0606,78.771,62.039,8.721,8.6131,8.5057,8.7208,8.6132,9.2595,8.6131,8.5053,18.63,9.5932,0.1237,17.4031,0.1937,61.8833,71.55,168.998,0.381,,0,771,3,0,0,2,373,0,0,0,3392,19189
97.3333,2.6705,1.6576,2.0447,83.7063,66.0723,8.7319,8.6222,8.5203,8.7322,8.6223,9.2735,8.6223,8.5204,17.14,11.9828,0.1122,23.5558,0.1119,71.3,66.7333,173.023,0.3998,67,0,1812,5,0,7,12,338,15,15,20,2320,38096
90.25,1.3921,1.4444,1.4058,79.1457,62.3043,8.7179,8.6105,8.5028,8.7181,8.6104,9.2556,8.6105,8.503,20.13,12.1847,0.0776,23.4133,0.0688,60,60,173.514,0.0776,27,0,655,0,0,0,4,328,0,0,0,3266,20613
84.1333,2.6071,1.6905,1.7619,83.7187,66.08,8.7318,8.6219,8.5205,8.7343,8.6241,9.2734,8.6221,8.5204,19.54,12.2277,0.0796,22.1765,0.0663,72.7167,84.0667,200.171,0.2841,39.2,0,755,4,0,39,32,156,15,33,0,17969,77909
89.1833,1.3944,1.2308,1.4909,84.0237,66.2337,8.7235,8.6161,8.5094,8.7232,8.6163,9.258,8.6162,8.5092,20.31,12.1696,0.1306,20.2895,0.1466,84.4,49.1667,315.298,0.1558,39.8,0,2871,7,0,5,35,623,19,14,0,8021,67745
94.6667,1.5722,1.2647,1.4903,83.294,65.6707,8.7231,8.6162,8.5092,8.7237,8.617,9.2582,8.6164,8.5092,20.6,10.5908,0.1732,22.1632,0.1864,83.3,72.9667,172.901,0.386,31.3,0,1660,4,0,3,15,334,15,0,0,16028,70399
88.25,2.5318,1.2308,1.3955,84.77,66.5797,8.7179,8.6105,8.5031,8.7183,8.6109,9.2556,8.6103,8.5028,26.07,11.9796,0.1019,21.1352,0.1245,60,60,265.369,0.2536,50.9,0,1124,3,0,0,2,461,0,0,0,3491,19565
84.8,1.7059,2.2464,1.8166,99.7153,78.096,8.7329,8.6255,8.518,8.7329,8.6253,9.2706,8.6255,8.518,48.66,13.656,0.17,21.082,0.31,89.6833,75.05,174,0.51,37.6,0,,,,,,,,,,,
90.9167,3.3049,2.0563,2.5031,96.231,75.513,8.7289,8.6214,8.5138,8.7292,8.6216,9.2672,8.6208,8.5129,22.98,12.1394,0.0975,23.532,0.1739,89.2333,49.4333,255.663,0.1238,62.3,0,4471,6,0,114,69,465,21,98,0,5760,61254
94.5333,2.541,2.7222,2.4194,78.8317,62.0537,8.7209,8.6134,8.5051,8.7208,8.6129,9.2592,8.613,8.5052,19.18,10.4758,0.1158,23.3992,0.133,60.2167,71.55,260.959,0.2262,27.6,0,802,3,0,0,2,0,0,0,0,4595,24187
93.7333,2,1.33,1.0951,83.5751,65.1625,8.731,8.623,8.515,8.718,8.61,9.263,8.61,8.502,14.196,10.9064,0.0906,21.5409,0.0766,66.65,68.4667,175.91,0.4185,28.9,0,,,,,,,,,,,
88.3833,2.4167,1.5849,1.7097,83.1442,65.3516,8.7176,8.6101,8.5024,8.7175,8.61,9.2552,8.6101,8.5026,23.02,9.5543,0.111,17.1578,0.1397,60,60,170.614,0.3935,56.7,0,6474,5,0,0,13,552,16,13,0,2280,41986
82.125,1.4017,1.1785,1.3025,94.4033,73.9963,8.7284,8.6207,8.513,8.7286,8.6209,9.2672,8.6208,8.5133,34.05,10.5893,0.1181,23.2651,0.1131,88.3833,57.25,260.053,0.3004,41.9,0,,,,,,,,,,,
93.7333,2.25,2.78,3.1042,83.714,66.138,8.732,8.6221,8.5204,8.7323,8.6221,9.2733,8.6219,8.5203,17.38,10.5042,0.13,22.1546,0.13,79.25,77.5833,174.851,0.45,39.29,0,1069,5,0,53,28,232,16,45,0,1646,29547
91.0667,1.4737,1.1744,1.449,95.783,75.1307,8.735,8.624,8.521,8.732,8.624,9.274,8.623,8.52,24.35,12.3796,0.1186,22.43,0.151,94,80.7467,251.535,0.3023,47.3,0,,,,,,,,,,,
92.8,1.6413,1.3155,1.6308,85.3783,67.0603,8.7331,8.6255,8.5179,8.7332,8.6257,9.2705,8.6254,8.5177,21.38,12.6114,0.1556,21.6634,0.2049,77.3833,82.9,248.691,0.2081,56.4,0,1732,4,0,7,28,214,18,15,0,2554,28012
95.4667,2.2554,1.777,1.9305,84.8923,66.6743,8.7336,8.6261,8.5187,8.7336,8.6261,9.2717,8.6263,8.5188,23.86,12.5936,0.0773,22.9758,0.0764,75.75,85.4,200.758,0.3408,62.1,0,,,,,,,,,,,
93.7333,2.9567,2.102,2.3306,84.3963,66.5933,8.7209,8.6134,8.5052,8.7209,8.613,9.259,8.6133,8.5051,22.37,12.5353,0.1735,22.5581,0.1549,81.95,71.2833,200.452,0.6554,47.26,0,1000,0,0,0,2,450,0,0,0,4482,19721
91.85,1.925,1.5074,1.7335,85.5103,67.1587,8.7185,8.6109,8.5034,8.719,8.6114,9.2566,8.6111,8.5036,14.46,10,0.01,20,0.01,60,60,200,0.01,40,0,2356,0,0,0,6,1026,0,0,0,6129,41601
96.5333,3,3,3,80,63,8.7303,8.6225,8.5148,8.7303,8.6225,9.2692,8.6225,8.5148,20,11.1119,0.2011,19.2384,0.4828,80,80,264.457,0.274,96.3,0,1038,7,0,0,4,525,0,0,0,4295,30218
87.3167,1.1334,1.6502,1.3125,86.3333,67.6667,8.7207,8.6125,8.5043,8.7211,8.6232,9.2617,8.6127,8.5043,16.47,9.6961,0.12,16.5711,0.16,60,60,172.37,0.38,65.1,0,673,0,0,0,2,386,0,0,0,6555,28522
93.0667,2,2.6102,2.902,71.6336,56.637,8.738,8.628,8.526,8.738,8.628,9.281,8.628,8.527,17.18,10,0.01,20,0.01,81.72,76.65,200,0.01,40,0,1026,5,0,11,28,332,16,17,19,12436,70027
96.25,3,3,3,85.6667,67.3333,8.7303,8.6225,8.5148,8.7303,8.6225,9.2692,8.6225,8.5148,20,10,0.01,20,0.01,60,60,200,0.01,40,0,522,0,0,0,1,293,0,0,0,5557,26710
96.25,3,3,3,80,62.6667,8.7303,8.6225,8.5148,8.7303,8.6225,9.2692,8.6225,8.5148,20,10,0.01,20,0.01,60,60,200,0.01,40,0,515,0,0,0,1,297,0,0,0,3857,20322
94.5167,3,3,3,86,67.3333,8.7303,8.6225,8.5148,8.7303,8.6225,9.2692,8.6225,8.5148,20,10,0.01,20,0.01,60,60,200,0.01,40,0,1770,0,0,0,6,832,0,0,0,4690,25505
96.25,3,3,3,85.6667,66.6667,8.7303,8.6225,8.5148,8.7303,8.6225,9.2692,8.6225,8.5148,20,10,0.01,20,0.01,60,60,200,0.01,40,0,797,0,0,0,3,446,0,0,0,22855,92368
89.3333,1.99,1.85,1.18,57.3333,63.3333,8.7198,8.6119,8.5036,8.7201,8.6121,9.2607,8.6118,8.5035,27.25,12.8645,0.1363,22.4427,0.384,63.4,70.9,191.67,0.2482,46.3,0,3758,8,0,95,83,487,25,72,24,13502,90507
96.25,3,3,3,85.3333,67,8.7303,8.6225,8.5148,8.7303,8.6225,9.2692,8.6225,8.5148,20,10,0.01,20,0.01,60,60,200,0.01,40,0,161,0,0,0,0,65,0,0,0,12257,44634
96.25,3,3,3,85.3333,67,8.7303,8.6225,8.5148,8.7303,8.6225,9.2692,8.6225,8.5148,20,10,0.01,20,0.01,60,60,200,0.01,40,0,1035,0,0,0,2,420,0,0,0,23584,94085
94.5167,3,3,3,84,67,8.7303,8.6225,8.5148,8.7303,8.6225,9.2692,8.6225,8.5148,20,10,0.01,20,0.01,60,60,200,0.01,40,0,994,4,0,33,19,120,15,32,0,3705,27402
92.7833,3,3,3,84,67,8.7303,8.6225,8.5148,8.7303,8.6225,9.2692,8.6225,8.5148,20,10,0.01,20,0.01,60,60,200,0.01,40,0,1493,5,0,34,22,191,15,33,17,20430,88154
100,,,,,,,,,,,,,,,,,,,65,65,,,,,518,3,0,0,11,108,0,0,36,12238,33347
96.25,,,,71.6336,56.637,8.738,8.628,8.526,8.738,8.628,9.281,8.628,8.527,17.18,9.6961,0.12,16.5711,0.16,65,65,172.37,0.38,65.1,0,431,0,0,0,1,221,0,0,0,2825,14978
92,,,,71.6336,56.637,8.738,8.628,8.526,8.738,8.628,9.281,8.628,8.527,17.18,9.6961,0.12,16.5711,0.16,65,65,172.37,0.38,65.1,0,837,0,0,0,4,442,0,0,0,4148,27315
89.6389,,,,71.6336,56.637,8.738,8.628,8.526,8.738,8.628,9.281,8.628,8.527,17.18,9.6961,0.12,16.5711,0.16,65,65,172.37,0.38,65.1,0,856,8,0,3,3,25,15,0,0,34559,73549
100,,,,71.6336,56.637,8.738,8.628,8.526,8.738,8.628,9.281,8.628,8.527,17.18,9.6961,0.12,16.5711,0.16,65,65,172.37,0.38,65.1,0,272,,,438,,473,153,171,,1604,65158
92,,,,71.6336,56.637,8.738,8.628,8.526,8.738,8.628,9.281,8.628,8.527,17.18,9.6961,0.12,16.5711,0.16,65,65,172.37,0.38,65.1,0,2707,6,0,5,28,388,2,7,38,15635,88911
100,,,,71.6336,56.637,8.738,8.628,8.526,8.738,8.628,9.281,8.628,8.527,17.18,9.6961,0.12,16.5711,0.16,65,65,172.37,0.38,65.1,0,187,0,0,0,0,74,0,0,0,7740,19985
89.6389,,,,71.6336,56.637,8.738,8.628,8.526,8.738,8.628,9.281,8.628,8.527,17.18,9.6961,0.12,16.5711,0.16,65,65,172.37,0.38,65.1,0,1014,3,0,0,7,352,14,0,0,3277,25209
92,,,,71.6336,56.637,8.738,8.628,8.526,8.738,8.628,9.281,8.628,8.527,17.18,9.6961,0.12,16.5711,0.16,65,65,172.37,0.38,65.1,0,3052,,,422,,615,368,54,,3028,64522
85.0667,,,,71.6336,56.637,8.738,8.628,8.526,8.738,8.628,9.281,8.628,8.527,17.18,9.6961,0.12,16.5711,0.16,65,65,172.37,0.38,65.1,0,7240,8,0,303,229,385,25,198,0,15185,87602
92,,,,71.6336,56.637,8.738,8.628,8.526,8.738,8.628,9.281,8.628,8.527,17.18,9.6961,0.12,16.5711,0.16,65,65,172.37,0.38,65.1,0,983,5,0,0,4,795,15,0,0,21975,91854
92,,,,71.6336,56.637,8.738,8.628,8.526,8.738,8.628,9.281,8.628,8.527,17.18,9.6961,0.12,16.5711,0.16,65,65,172.37,0.38,65.1,0,8138,10,0,166,84,469,26,144,0,2801,59909
92,,,,71.6336,56.637,8.738,8.628,8.526,8.738,8.628,9.281,8.628,8.527,17.18,9.6961,0.12,16.5711,0.16,65,65,172.37,0.38,65.1,0,7755,4,0,4,23,642,16,14,0,3181,38124
